id,first_name,last_name,email,gender,ip_address
1,Stirling,Bedo,sbedo0@macromedia.com,Male,95.19.123.45
2,Brnaba,Hedman,bhedman1@addthis.com,Male,28.140.32.155
3,Vite,Morley,vmorley2@wufoo.com,Male,27.43.213.185
4,Joella,Pooley,jpooley3@google.com.au,Female,62.170.147.6
5,Christalle,Scopes,cscopes4@ustream.tv,Female,221.130.17.112
6,Orrin,Winson,owinson5@altervista.org,Male,20.49.25.223
7,Ellery,Keeri,ekeeri6@umn.edu,Male,60.204.149.31
8,Ross,Masdin,rmasdin7@ebay.com,Male,119.139.70.49
9,Pepito,Matas,pmatas8@netlog.com,Male,93.189.83.73
10,Kameko,Millen,kmillen9@clickbank.net,Female,200.253.66.199
11,Pooh,Darinton,pdarintona@nba.com,Female,115.234.16.244
12,Avie,Furzey,afurzeyb@wix.com,Female,17.118.210.231
13,Bab,Osgardby,bosgardbyc@t-online.de,Female,177.60.113.204
14,Haley,Waghorne,hwaghorned@merriam-webster.com,Male,202.48.36.222
15,Isidore,Kynman,ikynmane@illinois.edu,Male,10.55.244.167
16,Aili,Callar,acallarf@rakuten.co.jp,Female,251.71.115.250
17,Conway,Jahndel,cjahndelg@lycos.com,Male,189.62.159.106
18,Gaile,Duckels,gduckelsh@vk.com,Male,1.73.252.79
19,Viva,Farquarson,vfarquarsoni@cisco.com,Female,80.231.45.230
20,Anselma,Lopes,alopesj@abc.net.au,Female,130.98.183.160
21,Ardella,Harry,aharryk@uiuc.edu,Female,252.169.144.18
22,Andriette,Blackey,ablackeyl@amazon.de,Female,134.20.244.83
23,Carlee,Woollacott,cwoollacottm@usda.gov,Female,245.81.171.91
24,Sal,Danford,sdanfordn@nytimes.com,Female,41.233.195.142
25,Abra,McNickle,amcnickleo@cbc.ca,Female,99.61.173.160
26,Augy,Shilstone,ashilstonep@so-net.ne.jp,Male,144.160.45.233
27,Susie,Hallgarth,shallgarthq@stanford.edu,Female,103.17.117.91
28,Deane,Matura,dmaturar@ucla.edu,Male,193.228.253.16
29,Winona,Heater,wheaters@fastcompany.com,Female,77.234.47.156
30,Torrey,Moulds,tmouldst@psu.edu,Male,159.245.46.248
31,Wiatt,Clackers,wclackersu@comcast.net,Male,208.147.49.1
32,Hedi,Cockarill,hcockarillv@wunderground.com,Female,72.45.38.112
33,Shay,Roll,srollw@telegraph.co.uk,Male,113.153.89.30
34,Karla,Mathivet,kmathivetx@illinois.edu,Female,117.84.106.79
35,Nicol,Janaud,njanaudy@elegantthemes.com,Male,129.63.98.136
36,Kathleen,Stebbings,kstebbingsz@baidu.com,Female,96.9.60.28
37,Ode,Iacobo,oiacobo10@bing.com,Male,232.30.111.34
38,Orton,Konertz,okonertz11@geocities.com,Male,218.26.155.179
39,Natassia,Baterip,nbaterip12@4shared.com,Female,109.171.140.171
40,Vidovic,Coslett,vcoslett13@army.mil,Male,56.95.249.139
41,Tanny,Ashleigh,tashleigh14@mapy.cz,Male,176.157.217.53
42,Sol,Wollacott,swollacott15@a8.net,Male,198.74.209.164
43,Katharyn,Fraulo,kfraulo16@etsy.com,Female,0.166.35.218
44,Alec,Faithfull,afaithfull17@amazon.com,Male,170.224.10.164
45,Valeria,McWhinnie,vmcwhinnie18@cyberchimps.com,Female,51.39.162.241
46,Derek,Skells,dskells19@delicious.com,Male,186.77.50.11
47,Stormie,Arboine,sarboine1a@bing.com,Female,149.209.206.161
48,Blanche,Dilke,bdilke1b@cnet.com,Female,163.37.243.97
49,Alaine,Rose,arose1c@diigo.com,Female,88.74.111.170
50,Dollie,Slessor,dslessor1d@phoca.cz,Female,45.6.22.217
51,Arabelle,Baiden,abaiden1e@epa.gov,Female,187.98.73.8
52,Lorenzo,Sandercroft,lsandercroft1f@amazonaws.com,Male,56.160.50.205
53,Nappy,Castella,ncastella1g@ucoz.com,Male,158.196.244.65
54,Cortie,Jahnke,cjahnke1h@ning.com,Male,87.250.200.158
55,Fabe,Heathcott,fheathcott1i@fc2.com,Male,77.168.99.143
56,Peyton,Piens,ppiens1j@w3.org,Male,51.53.44.145
57,Tamas,Cohen,tcohen1k@youtu.be,Male,196.41.237.106
58,Sandie,Spillane,sspillane1l@ameblo.jp,Female,226.234.64.26
59,Denny,Phillipson,dphillipson1m@zdnet.com,Female,109.61.224.12
60,Gabriela,Sleford,gsleford1n@jiathis.com,Female,118.137.13.92
61,Em,Lorie,elorie1o@webs.com,Female,243.134.183.227
62,Tamma,Halley,thalley1p@seesaa.net,Female,206.59.22.42
63,Morgan,Larret,mlarret1q@sogou.com,Male,63.31.198.89
64,Douglas,Matus,dmatus1r@mail.ru,Male,124.32.36.108
65,Costa,Stonhouse,cstonhouse1s@skype.com,Male,211.4.190.125
66,Daren,Deason,ddeason1t@delicious.com,Male,50.210.210.168
67,Averil,Hallows,ahallows1u@clickbank.net,Male,24.102.149.101
68,Tara,Heinlein,theinlein1v@blogtalkradio.com,Female,13.20.245.224
69,Julius,Russan,jrussan1w@bravesites.com,Male,141.222.86.82
70,Dewie,Smaling,dsmaling1x@csmonitor.com,Male,195.57.66.30
71,Emyle,Pottie,epottie1y@facebook.com,Female,236.71.44.200
72,Fidole,Medland,fmedland1z@cyberchimps.com,Male,65.62.182.176
73,Joseph,Falks,jfalks20@oracle.com,Male,72.92.156.120
74,Nancie,Supple,nsupple21@amazon.co.jp,Female,23.189.30.69
75,Christabel,Songer,csonger22@state.gov,Female,241.193.18.61
76,Fidelia,Malim,fmalim23@w3.org,Female,30.224.70.112
77,Luca,Whittek,lwhittek24@fda.gov,Male,45.78.225.145
78,Sol,Coton,scoton25@ted.com,Male,86.241.177.200
79,Vicki,Cramb,vcramb26@wikimedia.org,Female,115.175.116.126
80,Wendeline,Currom,wcurrom27@dedecms.com,Female,162.238.253.239
81,Layne,Dulany,ldulany28@purevolume.com,Female,168.199.42.154
82,Sadella,Reast,sreast29@illinois.edu,Female,119.199.196.63
83,Giacinta,Kave,gkave2a@eventbrite.com,Female,236.190.81.47
84,Chaunce,Ausello,causello2b@hud.gov,Male,152.253.148.50
85,Hewe,Deeman,hdeeman2c@theguardian.com,Male,142.94.34.178
86,Tabby,Treadwell,ttreadwell2d@mysql.com,Male,214.250.147.179
87,Cathrine,Gurling,cgurling2e@devhub.com,Female,56.55.53.35
88,Mohandas,Jocic,mjocic2f@comcast.net,Male,80.241.171.162
89,Kathi,Brazil,kbrazil2g@blog.com,Female,120.10.171.166
90,Janek,Ouchterlony,jouchterlony2h@ovh.net,Male,202.116.78.91
91,Blaire,Fairburn,bfairburn2i@chron.com,Female,59.117.176.106
92,Stafford,Westfalen,swestfalen2j@drupal.org,Male,241.9.101.22
93,Renaud,Rubinfajn,rrubinfajn2k@businesswire.com,Male,171.82.7.151
94,Mirelle,Houldcroft,mhouldcroft2l@addthis.com,Female,203.52.170.253
95,Miltie,Wardell,mwardell2m@twitpic.com,Male,30.140.23.185
96,Johnette,Worge,jworge2n@webmd.com,Female,64.152.45.53
97,Vito,O'Doran,vodoran2o@chronoengine.com,Male,21.177.9.145
98,Rozamond,Falco,rfalco2p@biblegateway.com,Female,242.141.195.60
99,Kerrin,Morter,kmorter2q@skyrock.com,Female,121.236.28.183
100,Diego,Neubigin,dneubigin2r@nydailynews.com,Male,211.7.110.139
101,Byron,Ellerey,bellerey2s@ca.gov,Male,83.237.88.97
102,Artemas,Renshaw,arenshaw2t@biglobe.ne.jp,Male,237.84.144.93
103,Igor,MacFarland,imacfarland2u@blogs.com,Male,141.122.47.75
104,Cris,Kybird,ckybird2v@gnu.org,Male,103.132.155.19
105,Xenia,Silkstone,xsilkstone2w@edublogs.org,Female,83.208.104.152
106,Concettina,McQuade,cmcquade2x@furl.net,Female,82.92.132.171
107,Wally,Longmire,wlongmire2y@nymag.com,Female,202.211.255.136
108,Tammie,Luparto,tluparto2z@earthlink.net,Female,154.59.123.184
109,Shawn,Dacca,sdacca30@cnet.com,Male,100.45.120.118
110,Blake,Pape,bpape31@google.nl,Female,199.9.173.17
111,Carling,Flanagan,cflanagan32@yandex.ru,Male,167.116.192.101
112,Decca,Moy,dmoy33@istockphoto.com,Male,190.226.39.168
113,Chryste,Kollach,ckollach34@cam.ac.uk,Female,63.114.48.240
114,Mathilde,Gors,mgors35@alexa.com,Female,94.222.162.138
115,Pam,Tribe,ptribe36@free.fr,Female,13.7.230.47
116,Kellen,Egdal,kegdal37@bloglines.com,Male,234.97.184.141
117,Seumas,Perschke,sperschke38@independent.co.uk,Male,27.15.251.206
118,Vinnie,Phippen,vphippen39@gizmodo.com,Male,5.173.81.253
119,Klarrisa,McGrath,kmcgrath3a@paypal.com,Female,186.4.53.213
120,Kerr,Cay,kcay3b@multiply.com,Male,137.244.131.116
121,Freeman,Gillatt,fgillatt3c@simplemachines.org,Male,252.57.114.190
122,Sarette,Chasles,schasles3d@archive.org,Female,19.84.133.124
123,Eada,Rable,erable3e@geocities.com,Female,52.216.70.123
124,Kathe,Slaughter,kslaughter3f@foxnews.com,Female,66.84.151.4
125,Patsy,Quince,pquince3g@ow.ly,Male,9.66.139.44
126,Brodie,Sealy,bsealy3h@ucoz.ru,Male,246.16.222.107
127,Gregorio,Rodinger,grodinger3i@yahoo.co.jp,Male,142.103.25.43
128,Redd,Mowatt,rmowatt3j@360.cn,Male,166.222.34.164
129,Graig,Lobell,globell3k@economist.com,Male,59.120.196.255
130,Christi,Beckhurst,cbeckhurst3l@desdev.cn,Female,18.251.84.160
131,Kally,Pennazzi,kpennazzi3m@amazon.com,Female,96.170.170.107
132,Maison,Custy,mcusty3n@narod.ru,Male,146.220.233.68
133,Elke,Agglio,eagglio3o@weibo.com,Female,219.163.84.174
134,Mervin,Nowakowska,mnowakowska3p@dion.ne.jp,Male,34.225.87.251
135,Laurie,Pooly,lpooly3q@blog.com,Female,126.70.62.209
136,Cobby,Almak,calmak3r@slate.com,Male,153.210.35.143
137,Arnie,Arran,aarran3s@fotki.com,Male,197.192.179.66
138,Valli,Pourveer,vpourveer3t@sciencedirect.com,Female,169.28.39.98
139,Lauren,Yorke,lyorke3u@answers.com,Male,81.165.242.44
140,Hilly,Hibbart,hhibbart3v@blinklist.com,Male,243.243.147.7
141,Monti,Duggon,mduggon3w@reverbnation.com,Male,205.50.238.191
142,Hesther,Trevett,htrevett3x@cpanel.net,Female,222.29.45.173
143,Stearn,Henniger,shenniger3y@ibm.com,Male,21.50.27.25
144,Moria,Matschke,mmatschke3z@hud.gov,Female,14.84.226.161
145,Susanna,Kohrt,skohrt40@ibm.com,Female,93.94.177.141
146,Izzy,Jordin,ijordin41@acquirethisname.com,Male,76.109.8.23
147,Else,Cannell,ecannell42@tumblr.com,Female,145.12.118.150
148,Rodolphe,Pickworth,rpickworth43@chicagotribune.com,Male,30.188.65.172
149,Adriaens,Whitwham,awhitwham44@smh.com.au,Female,248.82.65.131
150,Benedikta,Couche,bcouche45@weather.com,Female,171.49.243.216
151,Lesli,Goullee,lgoullee46@addtoany.com,Female,114.69.110.104
152,Mollie,Sushams,msushams47@businessweek.com,Female,20.28.98.200
153,Lucie,Mussetti,lmussetti48@nhs.uk,Female,166.143.32.219
154,Berta,Karet,bkaret49@webeden.co.uk,Female,15.3.129.28
155,Uriel,Steiner,usteiner4a@4shared.com,Male,93.88.155.173
156,Lisette,Yele,lyele4b@slate.com,Female,132.132.108.177
157,Craggie,Ciobotaro,cciobotaro4c@sciencedirect.com,Male,175.51.115.193
158,Baillie,Harrold,bharrold4d@japanpost.jp,Male,36.125.161.95
159,Dion,McGivena,dmcgivena4e@ask.com,Female,0.205.159.223
160,Chlo,Labbett,clabbett4f@yellowbook.com,Female,8.98.141.156
161,Ingram,Pleace,ipleace4g@telegraph.co.uk,Male,74.53.109.202
162,Ara,Wisedale,awisedale4h@mlb.com,Female,36.121.38.145
163,Rochella,Hauxwell,rhauxwell4i@un.org,Female,38.38.78.98
164,Kerrie,McNee,kmcnee4j@pinterest.com,Female,73.72.136.70
165,Tanny,Bustin,tbustin4k@1688.com,Male,3.44.33.182
166,Victoria,Tidswell,vtidswell4l@cbslocal.com,Female,115.66.68.187
167,Goldarina,Thompson,gthompson4m@cdc.gov,Female,143.205.128.247
168,Abramo,Fettes,afettes4n@webs.com,Male,12.116.236.37
169,Dorthea,Iglesiaz,diglesiaz4o@pagesperso-orange.fr,Female,149.184.194.240
170,Cosmo,Kingzeth,ckingzeth4p@ed.gov,Male,220.115.237.76
171,Fonsie,Hillam,fhillam4q@cnet.com,Male,246.242.142.13
172,Gayleen,Chapelhow,gchapelhow4r@google.com.br,Female,250.116.47.8
173,Isacco,Burgise,iburgise4s@addthis.com,Male,244.238.114.237
174,Ilario,Ball,iball4t@amazon.co.uk,Male,45.7.98.41
175,Codie,Vamplus,cvamplus4u@wired.com,Male,116.203.145.251
176,Iosep,Mellenby,imellenby4v@reverbnation.com,Male,156.30.207.59
177,Haily,Sherreard,hsherreard4w@deviantart.com,Female,37.29.197.149
178,Malorie,Stopford,mstopford4x@sciencedaily.com,Female,208.76.93.36
179,Nicko,Derill,nderill4y@upenn.edu,Male,210.185.61.151
180,Davis,Sleany,dsleany4z@hp.com,Male,6.97.105.23
181,Jasmin,Metham,jmetham50@skyrock.com,Female,6.109.245.163
182,Burtie,Toffoletto,btoffoletto51@msn.com,Male,135.56.41.49
183,Beryl,Briscow,bbriscow52@bandcamp.com,Female,106.91.175.160
184,Augie,Featherbie,afeatherbie53@fema.gov,Male,64.100.141.214
185,Merna,Cullerne,mcullerne54@foxnews.com,Female,128.19.138.38
186,Claudia,Birth,cbirth55@sourceforge.net,Female,129.104.163.213
187,Quillan,Shankster,qshankster56@ft.com,Male,118.68.148.247
188,Alys,Icke,aicke57@bloomberg.com,Female,109.207.181.223
189,Fleming,Farman,ffarman58@apple.com,Male,72.120.253.130
190,Brennan,Frostick,bfrostick59@naver.com,Male,129.203.73.253
191,Dukey,Exposito,dexposito5a@loc.gov,Male,246.227.180.108
192,Jessamine,Leydon,jleydon5b@phoca.cz,Female,234.176.221.86
193,Matthias,McCarver,mmccarver5c@meetup.com,Male,242.103.109.253
194,Shelby,Duny,sduny5d@symantec.com,Male,63.135.3.126
195,Fredrick,Lyfield,flyfield5e@blogs.com,Male,241.119.62.65
196,Kassie,Coniff,kconiff5f@topsy.com,Female,170.108.76.13
197,Ole,Stannering,ostannering5g@mashable.com,Male,184.84.225.227
198,Leela,Gelly,lgelly5h@dot.gov,Female,41.248.228.15
199,Aloysius,De Dei,adedei5i@pen.io,Male,146.23.77.248
200,Irving,Markova,imarkova5j@tinyurl.com,Male,136.124.235.17
201,Barclay,Yele,byele5k@spotify.com,Male,29.158.153.4
202,Cathie,Logue,clogue5l@state.gov,Female,51.57.95.106
203,Danna,Postill,dpostill5m@biglobe.ne.jp,Female,122.149.130.2
204,Vassily,Schankel,vschankel5n@ustream.tv,Male,123.13.204.121
205,Link,Quainton,lquainton5o@oracle.com,Male,128.66.182.137
206,Fritz,Blackader,fblackader5p@examiner.com,Male,84.237.147.10
207,Crissy,De Lacey,cdelacey5q@bing.com,Female,162.135.39.158
208,Hallie,Crevy,hcrevy5r@weibo.com,Female,87.139.87.28
209,Selig,Reame,sreame5s@networksolutions.com,Male,4.140.33.24
210,Aura,Belt,abelt5t@fastcompany.com,Female,164.95.3.227
211,Jessalyn,Santore,jsantore5u@squarespace.com,Female,23.99.228.63
212,Kerrill,Rutter,krutter5v@uol.com.br,Female,215.251.250.42
213,Alaric,Keepe,akeepe5w@google.co.uk,Male,159.79.98.97
214,Care,Cossins,ccossins5x@blinklist.com,Male,170.117.147.184
215,Woodie,Bachs,wbachs5y@sun.com,Male,19.34.163.245
216,Quinton,Addams,qaddams5z@4shared.com,Male,99.145.31.104
217,Arvy,Gilliard,agilliard60@auda.org.au,Male,154.140.8.124
218,Dick,Lohan,dlohan61@netvibes.com,Male,134.253.72.34
219,Alvinia,Ruppertz,aruppertz62@who.int,Female,131.129.149.89
220,Cherry,Lincoln,clincoln63@ft.com,Female,13.120.165.229
221,Jennica,Kidwell,jkidwell64@nymag.com,Female,93.98.254.104
222,Chelsie,Paik,cpaik65@squarespace.com,Female,223.109.201.98
223,Kingston,Gallanders,kgallanders66@networkadvertising.org,Male,137.241.233.178
224,Henrie,Corless,hcorless67@symantec.com,Female,126.176.9.31
225,Benjamin,Sapsforde,bsapsforde68@sun.com,Male,34.103.50.42
226,Burl,Paliser,bpaliser69@phpbb.com,Male,253.164.102.118
227,Alfy,Ordidge,aordidge6a@mapy.cz,Female,138.204.168.152
228,Rita,Suffield,rsuffield6b@spiegel.de,Female,84.36.34.60
229,Maurise,Whoolehan,mwhoolehan6c@craigslist.org,Male,199.88.167.245
230,Danita,Bleythin,dbleythin6d@wiley.com,Female,239.103.145.69
231,Mill,Heads,mheads6e@ifeng.com,Male,58.127.180.29
232,Livvy,Couttes,lcouttes6f@canalblog.com,Female,215.63.167.106
233,Hesther,Nollet,hnollet6g@theguardian.com,Female,202.93.160.65
234,Arley,Bardill,abardill6h@trellian.com,Male,169.206.136.210
235,Man,Chalfont,mchalfont6i@elegantthemes.com,Male,173.5.162.190
236,Sherie,McPhillips,smcphillips6j@netvibes.com,Female,85.111.200.124
237,Louie,Bather,lbather6k@timesonline.co.uk,Male,142.219.203.110
238,Cesya,Dalgarnocht,cdalgarnocht6l@house.gov,Female,240.222.102.70
239,Rudyard,Mower,rmower6m@mlb.com,Male,183.185.186.5
240,Antons,Collinson,acollinson6n@ucla.edu,Male,131.227.190.194
241,Israel,Poltone,ipoltone6o@about.me,Male,146.120.19.93
242,Tessy,Bielefeld,tbielefeld6p@webmd.com,Female,231.245.155.127
243,Rahal,Brough,rbrough6q@zdnet.com,Female,238.113.32.7
244,Reinhold,Mityushin,rmityushin6r@guardian.co.uk,Male,155.116.160.227
245,Boothe,Halvorsen,bhalvorsen6s@eepurl.com,Male,35.94.209.17
246,Maura,Longmore,mlongmore6t@miibeian.gov.cn,Female,25.2.134.9
247,Walden,Rupprecht,wrupprecht6u@freewebs.com,Male,130.71.190.39
248,Dimitry,Painswick,dpainswick6v@twitter.com,Male,129.31.57.130
249,Darryl,Bruneton,dbruneton6w@wix.com,Female,133.31.67.96
250,Garry,Yakovl,gyakovl6x@odnoklassniki.ru,Male,90.6.221.105
251,Merrel,Foldes,mfoldes6y@imageshack.us,Male,251.142.102.146
252,Joline,Risso,jrisso6z@topsy.com,Female,61.77.40.125
253,Ethel,Dwane,edwane70@foxnews.com,Female,176.217.5.204
254,Joyous,Wark,jwark71@sun.com,Female,179.0.237.29
255,Goldina,Gummer,ggummer72@hubpages.com,Female,172.220.178.196
256,Yasmin,Mosdill,ymosdill73@hibu.com,Female,48.209.219.5
257,Cristiano,Seyers,cseyers74@usa.gov,Male,171.106.96.214
258,Joeann,Paolino,jpaolino75@homestead.com,Female,121.121.26.143
259,Chrotoem,Barkhouse,cbarkhouse76@columbia.edu,Male,233.162.161.133
260,Margit,Pollastrino,mpollastrino77@livejournal.com,Female,239.127.100.102
261,Hamid,Draycott,hdraycott78@google.com,Male,255.136.32.167
262,Berri,Rozanski,brozanski79@edublogs.org,Female,9.39.74.172
263,Bartlett,Willshere,bwillshere7a@alexa.com,Male,91.176.243.220
264,Clareta,Pennini,cpennini7b@gizmodo.com,Female,143.51.133.135
265,Perri,Goodchild,pgoodchild7c@constantcontact.com,Female,213.200.49.61
266,Teresita,Meehan,tmeehan7d@mozilla.com,Female,95.147.130.33
267,Augy,Joselevitz,ajoselevitz7e@howstuffworks.com,Male,29.38.222.58
268,Vyky,Broadwood,vbroadwood7f@gravatar.com,Female,94.119.222.182
269,Tore,Simpkiss,tsimpkiss7g@sbwire.com,Male,239.73.131.165
270,Gayleen,Keigher,gkeigher7h@360.cn,Female,23.123.168.149
271,Sax,Veness,sveness7i@about.me,Male,17.111.92.252
272,Karalee,Cleft,kcleft7j@army.mil,Female,60.35.149.193
273,Star,Le feuvre,slefeuvre7k@photobucket.com,Female,19.74.138.98
274,Obediah,Kleinplac,okleinplac7l@bloglines.com,Male,195.35.151.64
275,Porty,Huxham,phuxham7m@infoseek.co.jp,Male,98.203.232.242
276,Grenville,Wooffitt,gwooffitt7n@cpanel.net,Male,2.181.203.28
277,Mathew,Heenan,mheenan7o@usgs.gov,Male,173.23.7.213
278,Abigael,Morrel,amorrel7p@wsj.com,Female,227.148.152.64
279,Simonne,Werrit,swerrit7q@1688.com,Female,121.21.165.113
280,Hilton,Idenden,hidenden7r@about.com,Male,83.89.21.74
281,Georgina,Tesdale,gtesdale7s@jalbum.net,Female,84.241.243.123
282,Adrianne,Allderidge,aallderidge7t@1und1.de,Female,148.86.124.123
283,Westbrook,Hailey,whailey7u@salon.com,Male,106.80.57.228
284,Lucian,Trye,ltrye7v@ted.com,Male,145.31.38.45
285,Gusta,Champness,gchampness7w@bloglovin.com,Female,189.236.96.161
286,Conant,Lebarree,clebarree7x@amazonaws.com,Male,137.5.103.124
287,Sharl,Hellyar,shellyar7y@ebay.co.uk,Female,13.146.162.165
288,Bevin,Baselli,bbaselli7z@wordpress.org,Male,80.242.90.95
289,Trenton,Zupone,tzupone80@nasa.gov,Male,240.190.196.170
290,Mathilda,Ramas,mramas81@stumbleupon.com,Female,45.75.108.190
291,Bran,Batterbee,bbatterbee82@twitpic.com,Male,151.65.58.62
292,Kristyn,Ledbury,kledbury83@youtube.com,Female,173.8.65.72
293,Michaela,Swadlen,mswadlen84@narod.ru,Female,126.200.105.148
294,Fayette,Hassett,fhassett85@newsvine.com,Female,100.112.104.124
295,Jillene,McTear,jmctear86@smugmug.com,Female,29.172.138.99
296,Bailie,Jiroutka,bjiroutka87@state.tx.us,Male,17.249.210.198
297,Kessiah,Cosbey,kcosbey88@drupal.org,Female,171.12.110.200
298,Rhett,Wapol,rwapol89@salon.com,Male,177.8.139.74
299,Julee,Carloni,jcarloni8a@canalblog.com,Female,96.249.74.147
300,Leonardo,Scoffham,lscoffham8b@census.gov,Male,20.225.33.35
301,Morry,Gillibrand,mgillibrand8c@mysql.com,Male,64.92.60.199
302,Harald,O'Shea,hoshea8d@sbwire.com,Male,38.2.167.244
303,Shane,Graddon,sgraddon8e@technorati.com,Male,129.13.37.175
304,Ginnifer,O'Corrane,gocorrane8f@zimbio.com,Female,91.73.204.61
305,Margi,Gainsborough,mgainsborough8g@disqus.com,Female,168.134.159.189
306,Hewet,Grishenkov,hgrishenkov8h@usatoday.com,Male,239.223.21.175
307,Tawnya,Fudger,tfudger8i@phoca.cz,Female,32.76.73.161
308,Wiley,Tow,wtow8j@si.edu,Male,248.186.99.63
309,Estel,Ferrarese,eferrarese8k@devhub.com,Female,124.235.124.194
310,Burch,Sneller,bsneller8l@etsy.com,Male,29.251.20.163
311,Myrna,MacClay,mmacclay8m@quantcast.com,Female,68.163.152.91
312,Horace,Moulding,hmoulding8n@answers.com,Male,203.251.245.208
313,Reece,Bawden,rbawden8o@com.com,Male,198.229.231.187
314,Nollie,Lackner,nlackner8p@si.edu,Male,227.226.9.249
315,Pincus,Sigfrid,psigfrid8q@cpanel.net,Male,140.86.209.131
316,Tabitha,Emmens,temmens8r@wordpress.com,Female,122.246.155.142
317,Constantine,Blanch,cblanch8s@psu.edu,Male,184.52.166.128
318,Davy,Margery,dmargery8t@ning.com,Male,58.250.175.31
319,Nannette,Shackleton,nshackleton8u@wordpress.com,Female,98.155.187.111
320,Mitzi,Assur,massur8v@nydailynews.com,Female,35.13.50.149
321,Rosabella,Free,rfree8w@msn.com,Female,205.44.40.19
322,Shelby,Bowmaker,sbowmaker8x@amazonaws.com,Male,17.12.42.122
323,Shari,Foggo,sfoggo8y@alexa.com,Female,5.226.171.239
324,Andromache,Braney,abraney8z@ucla.edu,Female,156.62.156.184
325,Ross,Wyon,rwyon90@sfgate.com,Male,22.209.61.90
326,Kat,Philpot,kphilpot91@ucoz.com,Female,195.18.89.157
327,Ashleigh,Crebbin,acrebbin92@soup.io,Female,7.199.112.232
328,Orel,Robshaw,orobshaw93@linkedin.com,Female,205.133.210.48
329,Rodrick,Oels,roels94@wordpress.com,Male,174.155.5.20
330,Ealasaid,Curness,ecurness95@kickstarter.com,Female,24.48.117.219
331,Art,Farington,afarington96@biglobe.ne.jp,Male,102.91.213.33
332,Tallie,Climson,tclimson97@fda.gov,Female,249.179.183.166
333,Adria,Stickel,astickel98@ezinearticles.com,Female,34.214.30.33
334,Ruth,Ledgister,rledgister99@toplist.cz,Female,174.36.241.228
335,Jenine,D'Adda,jdadda9a@sakura.ne.jp,Female,69.153.143.14
336,Arvin,Dressel,adressel9b@amazon.co.uk,Male,148.230.75.217
337,Nicko,Althorp,nalthorp9c@sogou.com,Male,230.37.51.102
338,Margaret,Friday,mfriday9d@npr.org,Female,68.30.119.128
339,Janice,Vauter,jvauter9e@hhs.gov,Female,241.168.246.218
340,Camey,Binfield,cbinfield9f@symantec.com,Male,184.96.198.106
341,Amos,Laird-Craig,alairdcraig9g@statcounter.com,Male,41.233.194.92
342,Faber,Simond,fsimond9h@jiathis.com,Male,30.74.254.179
343,Cori,Maior,cmaior9i@list-manage.com,Female,92.243.162.158
344,Bondon,Vakhonin,bvakhonin9j@cornell.edu,Male,194.197.204.39
345,Mellisa,Lancaster,mlancaster9k@epa.gov,Female,8.117.104.38
346,Moishe,Snalom,msnalom9l@webnode.com,Male,130.235.79.88
347,Goraud,Waumsley,gwaumsley9m@digg.com,Male,129.149.43.219
348,Pru,Tissell,ptissell9n@google.co.jp,Female,186.229.219.32
349,Vernice,Brigden,vbrigden9o@cbsnews.com,Female,198.17.227.67
350,Jecho,Geerdts,jgeerdts9p@prlog.org,Male,79.2.169.229
351,Hallsy,Ceci,hceci9q@devhub.com,Male,29.123.48.116
352,Felizio,Whorlton,fwhorlton9r@privacy.gov.au,Male,18.72.54.140
353,Gena,Dagnan,gdagnan9s@gmpg.org,Female,210.212.130.92
354,Frazer,Cote,fcote9t@pagesperso-orange.fr,Male,212.11.231.128
355,Orly,Blaskett,oblaskett9u@list-manage.com,Female,88.234.136.253
356,Jaquith,Obell,jobell9v@ucoz.com,Female,186.43.152.63
357,Faunie,Suller,fsuller9w@bloomberg.com,Female,93.237.210.108
358,Dewitt,Semeradova,dsemeradova9x@networkadvertising.org,Male,56.123.178.75
359,Adolf,Dionsetti,adionsetti9y@amazon.com,Male,71.210.162.69
360,Harrie,Rockhill,hrockhill9z@cyberchimps.com,Female,168.91.162.95
361,Emmaline,Snowden,esnowdena0@yellowbook.com,Female,122.255.109.200
362,Mohammed,Martineau,mmartineaua1@omniture.com,Male,238.158.248.60
363,Adelind,Oxbe,aoxbea2@plala.or.jp,Female,143.247.105.110
364,Cherri,Michelle,cmichellea3@goo.gl,Female,39.77.1.169
365,Baily,Challes,bchallesa4@studiopress.com,Male,131.154.62.254
366,Ray,Gill,rgilla5@alibaba.com,Female,53.23.246.157
367,Edi,Woodfin,ewoodfina6@rediff.com,Female,187.46.96.245
368,Caroljean,Bramble,cbramblea7@youku.com,Female,61.6.117.5
369,Beck,Giovannardi,bgiovannardia8@rediff.com,Male,124.68.79.65
370,Thorvald,Kempster,tkempstera9@yahoo.com,Male,85.233.14.178
371,Say,Hamnett,shamnettaa@quantcast.com,Male,16.76.238.143
372,De witt,Sapsed,dsapsedab@slideshare.net,Male,96.182.118.160
373,Anya,O'Cannon,aocannonac@comcast.net,Female,206.110.48.36
374,Jarib,McGarrie,jmcgarriead@pen.io,Male,251.108.127.20
375,Sharona,Liley,slileyae@cpanel.net,Female,249.67.83.52
376,Husein,Lethbridge,hlethbridgeaf@reference.com,Male,97.226.121.43
377,Jarid,Rearden,jreardenag@hugedomains.com,Male,125.211.54.207
378,Tiffi,Rapley,trapleyah@yahoo.co.jp,Female,65.158.18.30
379,Lorrayne,Halkyard,lhalkyardai@home.pl,Female,166.126.49.232
380,Lebbie,Benedetti,lbenedettiaj@house.gov,Female,66.151.178.238
381,Brandie,McGuane,bmcguaneak@state.tx.us,Female,249.47.192.143
382,Jobey,Moine,jmoineal@webnode.com,Female,28.124.158.79
383,Sada,Garrud,sgarrudam@army.mil,Female,51.10.31.98
384,Dame,Svanini,dsvaninian@reddit.com,Male,37.125.187.244
385,Gayle,Ostridge,gostridgeao@cafepress.com,Male,227.216.28.6
386,Ernst,Makeswell,emakeswellap@gnu.org,Male,96.98.240.107
387,Kamilah,Rosenwald,krosenwaldaq@mayoclinic.com,Female,180.5.130.52
388,Alon,Canaan,acanaanar@hubpages.com,Male,113.159.168.33
389,Aluin,Vinick,avinickas@census.gov,Male,243.206.231.17
390,Mycah,Bouldon,mbouldonat@sbwire.com,Male,144.242.220.166
391,Fletch,Klossek,fklossekau@smugmug.com,Male,116.23.167.174
392,Shelby,Sprigg,sspriggav@bloglines.com,Female,59.187.228.191
393,Laureen,Karlolak,lkarlolakaw@jimdo.com,Female,100.186.99.170
394,Kaye,Baldacco,kbaldaccoax@springer.com,Female,37.53.238.85
395,Linc,Arnauduc,larnauducay@slashdot.org,Male,85.246.13.7
396,Regen,Bearcroft,rbearcroftaz@booking.com,Male,15.229.168.178
397,Gav,Hasluck,ghasluckb0@merriam-webster.com,Male,176.161.230.44
398,Lyman,Gelland,lgellandb1@ox.ac.uk,Male,84.208.136.39
399,Sandye,Hann,shannb2@soundcloud.com,Female,218.106.50.31
400,Krista,Culverhouse,kculverhouseb3@scribd.com,Female,3.192.165.29
401,Ardath,Fochs,afochsb4@dion.ne.jp,Female,234.9.87.243
402,Mariele,Signore,msignoreb5@themeforest.net,Female,183.40.167.161
403,Dode,Keyse,dkeyseb6@seesaa.net,Female,235.140.1.131
404,Agustin,Castilljo,acastilljob7@vinaora.com,Male,110.51.142.82
405,Ianthe,Cowland,icowlandb8@ocn.ne.jp,Female,229.129.246.248
406,Rolph,Farady,rfaradyb9@miibeian.gov.cn,Male,234.151.142.190
407,Marian,Cowpland,mcowplandba@go.com,Female,245.219.129.141
408,Tedra,Padilla,tpadillabb@wsj.com,Female,211.65.41.136
409,Gannon,Wipper,gwipperbc@sakura.ne.jp,Male,71.202.131.132
410,Maitilde,Andrusov,mandrusovbd@bloglovin.com,Female,112.154.80.41
411,Eilis,MacKowle,emackowlebe@samsung.com,Female,38.57.92.206
412,Emalia,Lagne,elagnebf@cmu.edu,Female,203.217.142.72
413,Randa,Ratazzi,rratazzibg@omniture.com,Female,164.231.169.30
414,Row,Rosendall,rrosendallbh@china.com.cn,Female,102.230.71.139
415,Armin,Gloster,aglosterbi@slideshare.net,Male,14.73.118.159
416,Constantine,Bus,cbusbj@ustream.tv,Male,180.207.38.80
417,Ginnie,Mawtus,gmawtusbk@businessinsider.com,Female,56.123.93.110
418,Hortensia,Fydo,hfydobl@miitbeian.gov.cn,Female,88.47.42.93
419,Donalt,Riccioppo,driccioppobm@google.com.br,Male,141.48.57.126
420,Christie,Middlemist,cmiddlemistbn@uiuc.edu,Female,3.152.71.33
421,Bernelle,Croad,bcroadbo@independent.co.uk,Female,194.233.151.34
422,Nickolas,Gask,ngaskbp@dailymail.co.uk,Male,141.172.143.112
423,Annabelle,Danniell,adanniellbq@slideshare.net,Female,61.215.136.78
424,Colette,Girod,cgirodbr@uiuc.edu,Female,254.5.11.192
425,Lorette,Daintrey,ldaintreybs@zdnet.com,Female,252.141.187.135
426,Robbie,Olyfat,rolyfatbt@arstechnica.com,Male,239.22.245.130
427,Jacqueline,Goracci,jgoraccibu@freewebs.com,Female,195.247.38.138
428,Xylina,Dennerly,xdennerlybv@symantec.com,Female,70.247.105.3
429,Marcelle,Praten,mpratenbw@flavors.me,Female,53.225.236.152
430,Gregoor,Scrogges,gscroggesbx@umich.edu,Male,31.1.152.20
431,Dionne,Pedrielli,dpedrielliby@goo.gl,Female,243.132.130.97
432,Mickie,Besson,mbessonbz@webnode.com,Female,125.144.127.172
433,Suki,Forward,sforwardc0@jigsy.com,Female,93.11.49.168
434,Cchaddie,Doust,cdoustc1@4shared.com,Male,201.12.10.53
435,Sayres,D'Alessandro,sdalessandroc2@aol.com,Male,169.148.58.221
436,Neill,Wraight,nwraightc3@indiegogo.com,Male,197.120.11.68
437,Raynard,Blackborow,rblackborowc4@booking.com,Male,137.38.222.118
438,Lucia,Dorgan,ldorganc5@accuweather.com,Female,251.55.213.160
439,Cissy,Beddoe,cbeddoec6@reverbnation.com,Female,110.142.76.60
440,Carolyne,Urwen,curwenc7@ca.gov,Female,229.60.100.227
441,Wilbur,Scahill,wscahillc8@networkadvertising.org,Male,199.137.73.21
442,Corrianne,Beardsworth,cbeardsworthc9@cdc.gov,Female,254.253.115.190
443,Vaughan,Rudham,vrudhamca@omniture.com,Male,145.242.78.194
444,Rosmunda,Grimston,rgrimstoncb@google.fr,Female,82.177.118.145
445,Paxton,Follen,pfollencc@posterous.com,Male,136.95.217.187
446,Norton,Cristobal,ncristobalcd@macromedia.com,Male,203.62.215.218
447,Torey,Davidek,tdavidekce@ning.com,Male,69.47.128.135
448,Manda,Walton,mwaltoncf@senate.gov,Female,117.156.247.2
449,Tamarra,Landeaux,tlandeauxcg@noaa.gov,Female,196.234.109.81
450,Mercy,Jedrzejczak,mjedrzejczakch@spotify.com,Female,39.161.74.2
451,Donnell,Mellodey,dmellodeyci@gravatar.com,Male,61.13.109.188
452,Meris,Brumen,mbrumencj@redcross.org,Female,38.252.73.242
453,Ivette,Perott,iperottck@list-manage.com,Female,71.9.201.95
454,Jonah,Bosch,jboschcl@loc.gov,Male,105.18.10.34
455,Donaugh,Rummery,drummerycm@unblog.fr,Male,12.72.4.79
456,Phyllys,Follit,pfollitcn@cloudflare.com,Female,117.25.168.117
457,Darryl,Piser,dpiserco@dell.com,Female,187.175.243.146
458,Karalynn,Truran,ktrurancp@cmu.edu,Female,137.221.140.138
459,Consolata,Scard,cscardcq@de.vu,Female,139.127.16.17
460,Wallache,Dumper,wdumpercr@github.io,Male,82.128.131.99
461,Katusha,Lamball,klamballcs@bbc.co.uk,Female,180.48.116.77
462,Gavan,Trengrouse,gtrengrousect@ebay.co.uk,Male,122.2.144.245
463,Wynn,Hartin,whartincu@time.com,Male,68.129.165.42
464,Ebenezer,Damant,edamantcv@imdb.com,Male,118.67.22.70
465,Mel,Semiras,msemirascw@comcast.net,Male,97.83.115.95
466,Lorelle,Pinare,lpinarecx@bloomberg.com,Female,6.112.253.240
467,Janna,Poulney,jpoulneycy@geocities.jp,Female,135.3.78.91
468,Erasmus,Remon,eremoncz@github.io,Male,58.194.225.48
469,Sarge,Heugh,sheughd0@rakuten.co.jp,Male,113.76.72.244
470,Antoinette,Alldridge,aalldridged1@g.co,Female,233.48.14.30
471,Corinna,Davidowich,cdavidowichd2@skyrock.com,Female,100.30.149.79
472,Marius,Prue,mprued3@feedburner.com,Male,184.10.118.42
473,Pammi,Craghead,pcragheadd4@barnesandnoble.com,Female,136.209.160.52
474,Shirley,Sawl,ssawld5@google.cn,Female,55.4.95.73
475,Cordi,Benito,cbenitod6@abc.net.au,Female,236.102.75.135
476,Barbette,Popeley,bpopeleyd7@hibu.com,Female,121.86.18.140
477,Marijn,Aizikowitz,maizikowitzd8@deliciousdays.com,Male,97.139.120.115
478,Blondy,Revelle,brevelled9@t-online.de,Female,205.147.213.132
479,Jack,Diggell,jdiggellda@123-reg.co.uk,Male,200.188.225.165
480,Franklin,Mumbeson,fmumbesondb@shop-pro.jp,Male,141.67.222.72
481,Prisca,Siret,psiretdc@nyu.edu,Female,118.127.13.123
482,Elfrieda,Connealy,econnealydd@webeden.co.uk,Female,25.80.37.208
483,Brenda,Cudbird,bcudbirdde@netscape.com,Female,60.30.159.192
484,Jeniece,Tacey,jtaceydf@nature.com,Female,164.195.71.229
485,Jerrome,Cheatle,jcheatledg@archive.org,Male,194.170.173.93
486,Laraine,Degli Abbati,ldegliabbatidh@utexas.edu,Female,108.84.217.220
487,Frazier,Cescon,fcescondi@scribd.com,Male,192.27.173.23
488,Bessie,Hardan,bhardandj@multiply.com,Female,86.150.244.148
489,Tessy,McAughtrie,tmcaughtriedk@seesaa.net,Female,111.0.93.141
490,Dominique,McGenn,dmcgenndl@mlb.com,Female,19.222.71.36
491,Stillman,Trapp,strappdm@exblog.jp,Male,85.50.35.61
492,Gabriela,Fall,gfalldn@mapy.cz,Female,101.19.66.162
493,Jessamyn,Berzons,jberzonsdo@slashdot.org,Female,199.138.38.139
494,Jordana,Goncaves,jgoncavesdp@woothemes.com,Female,43.227.252.44
495,Jeremiah,Clausen-Thue,jclausenthuedq@ca.gov,Male,186.247.133.247
496,Alexandros,Dowry,adowrydr@over-blog.com,Male,230.141.64.1
497,Roger,Huckleby,rhucklebyds@cnet.com,Male,58.97.28.199
498,Francklin,Berndt,fberndtdt@eepurl.com,Male,100.209.29.225
499,Baxy,Hebdon,bhebdondu@imageshack.us,Male,19.89.115.21
500,Shandeigh,Morlon,smorlondv@webmd.com,Female,1.156.131.133
501,Owen,Heyworth,oheyworthdw@vinaora.com,Male,174.216.150.24
502,Bernice,Kilty,bkiltydx@webeden.co.uk,Female,31.171.93.147
503,Tan,Brahm,tbrahmdy@harvard.edu,Male,181.43.119.179
504,Lilah,Leadbeater,lleadbeaterdz@intel.com,Female,2.154.63.154
505,Starlene,Frany,sfranye0@1und1.de,Female,66.59.244.167
506,Waverley,Gath,wgathe1@sakura.ne.jp,Male,48.115.231.162
507,Julius,Gosford,jgosforde2@youku.com,Male,249.87.8.93
508,Cesar,Conwell,cconwelle3@nature.com,Male,137.204.245.172
509,Marti,Bracer,mbracere4@hud.gov,Female,20.16.141.204
510,Trace,Angless,tanglesse5@go.com,Male,69.87.16.68
511,Beilul,Parman,bparmane6@samsung.com,Female,155.247.245.237
512,Greta,Beldham,gbeldhame7@gnu.org,Female,196.116.157.133
513,Rod,Van Der Weedenburg,rvanderweedenburge8@fotki.com,Male,12.0.116.28
514,Stacia,Tottle,stottlee9@digg.com,Female,208.236.149.251
515,Derek,Helstrip,dhelstripea@dell.com,Male,51.91.234.136
516,Antonina,Dishmon,adishmoneb@51.la,Female,203.75.241.93
517,Smith,Shrubb,sshrubbec@topsy.com,Male,120.96.250.22
518,Xaviera,McDermott,xmcdermotted@cloudflare.com,Female,147.210.117.187
519,Shawn,Scaplehorn,sscaplehornee@wikispaces.com,Male,106.242.78.209
520,Caesar,Ashbey,cashbeyef@cdc.gov,Male,92.108.36.235
521,Margeaux,Marrow,mmarroweg@nba.com,Female,57.220.17.39
522,Pace,Graver,pgravereh@ustream.tv,Male,218.43.22.181
523,Gloriane,Lorkin,glorkinei@parallels.com,Female,22.89.40.142
524,Alva,Marston,amarstonej@jiathis.com,Male,30.248.103.233
525,Rene,Linklet,rlinkletek@360.cn,Male,215.242.228.104
526,Terrance,Stiller,tstillerel@cbslocal.com,Male,83.46.254.23
527,Coralie,Wedge,cwedgeem@whitehouse.gov,Female,110.2.73.78
528,Ardelis,Blasing,ablasingen@google.ru,Female,48.172.22.244
529,Gisele,Penburton,gpenburtoneo@soup.io,Female,88.140.115.80
530,Donnell,Stanyard,dstanyardep@weibo.com,Male,45.146.152.52
531,Ora,Miliffe,omiliffeeq@weebly.com,Female,171.158.90.27
532,Culver,Klouz,cklouzer@slate.com,Male,78.187.163.189
533,Kale,Passmore,kpassmorees@aol.com,Male,234.118.122.131
534,Neils,Escala,nescalaet@engadget.com,Male,69.29.39.242
535,Obediah,Mueller,omuellereu@weather.com,Male,13.93.235.233
536,Camila,Themann,cthemannev@msn.com,Female,49.246.5.255
537,Clayton,Rookeby,crookebyew@php.net,Male,185.208.90.223
538,Kim,Mold,kmoldex@photobucket.com,Female,235.42.118.177
539,Kayla,Wilby,kwilbyey@blogspot.com,Female,225.12.208.42
540,Mellisent,Keneleyside,mkeneleysideez@godaddy.com,Female,247.11.4.202
541,Gram,McCathie,gmccathief0@rakuten.co.jp,Male,67.93.74.125
542,Libby,Lawman,llawmanf1@economist.com,Female,18.129.156.57
543,Arda,Spencook,aspencookf2@php.net,Female,178.61.23.118
544,Isidor,Leggatt,ileggattf3@ox.ac.uk,Male,0.38.47.230
545,Louise,Gauch,lgauchf4@1und1.de,Female,236.149.224.236
546,Leola,Diter,lditerf5@ask.com,Female,26.5.78.110
547,Allene,Addy,aaddyf6@epa.gov,Female,255.75.93.6
548,Lanette,Dubique,ldubiquef7@google.co.uk,Female,219.239.83.81
549,Angeli,Major,amajorf8@examiner.com,Male,168.227.78.110
550,Alessandra,Cockrell,acockrellf9@e-recht24.de,Female,243.83.235.202
551,Frederik,De Cristofalo,fdecristofalofa@ed.gov,Male,194.240.85.3
552,Creigh,Sinisbury,csinisburyfb@arstechnica.com,Male,110.9.79.79
553,Petey,Markovic,pmarkovicfc@springer.com,Male,151.7.14.198
554,Horatio,Radford,hradfordfd@bravesites.com,Male,125.242.84.128
555,Suzann,Remon,sremonfe@slashdot.org,Female,225.18.85.74
556,Rudolfo,Egarr,regarrff@goo.ne.jp,Male,31.104.51.13
557,Nicolea,Duffree,nduffreefg@about.com,Female,242.56.236.113
558,Guglielma,Sattin,gsattinfh@ted.com,Female,34.109.227.138
559,Merla,Jagson,mjagsonfi@ucla.edu,Female,27.243.111.184
560,Avigdor,Gusticke,agustickefj@biblegateway.com,Male,192.13.81.105
561,Pattin,Tocknell,ptocknellfk@latimes.com,Male,69.74.224.221
562,Betteanne,Reddick,breddickfl@w3.org,Female,207.227.33.63
563,Car,Deakins,cdeakinsfm@1und1.de,Male,239.145.78.99
564,Damiano,Gayden,dgaydenfn@sun.com,Male,167.67.209.121
565,Thaine,McGroarty,tmcgroartyfo@redcross.org,Male,210.236.169.204
566,Cross,Ruggen,cruggenfp@huffingtonpost.com,Male,233.118.247.4
567,Antoinette,Petruszka,apetruszkafq@oracle.com,Female,24.249.51.51
568,Carlin,Clitheroe,cclitheroefr@virginia.edu,Female,240.10.16.131
569,Isabelita,Goggen,igoggenfs@geocities.jp,Female,87.17.185.172
570,Morgan,Bozworth,mbozworthft@ft.com,Male,62.164.167.86
571,Dani,Fursse,dfurssefu@ehow.com,Female,231.78.228.6
572,Zelig,Nial,znialfv@symantec.com,Male,96.42.14.114
573,Brenden,Castagnaro,bcastagnarofw@51.la,Male,128.63.69.51
574,Karena,Zappel,kzappelfx@foxnews.com,Female,99.233.46.67
575,Cynthia,Takkos,ctakkosfy@twitpic.com,Female,122.97.249.166
576,Carley,Cranmere,ccranmerefz@51.la,Female,178.221.249.184
577,Kaitlin,Kupka,kkupkag0@homestead.com,Female,121.121.18.164
578,Kaye,Chifney,kchifneyg1@wp.com,Female,193.120.27.222
579,Randell,Dallywater,rdallywaterg2@weebly.com,Male,227.20.55.218
580,Elysia,Santello,esantellog3@ustream.tv,Female,162.109.187.44
581,Benedick,Welman,bwelmang4@delicious.com,Male,157.46.251.63
582,Isabel,Shooter,ishooterg5@cornell.edu,Female,117.253.165.1
583,Jemmy,MacMechan,jmacmechang6@nationalgeographic.com,Female,223.226.224.236
584,Bili,Elston,belstong7@spotify.com,Female,19.227.161.129
585,Miof mela,McKechnie,mmckechnieg8@businessweek.com,Female,222.148.113.228
586,Henderson,Lannen,hlanneng9@ovh.net,Male,169.151.176.201
587,Quinton,Feetham,qfeethamga@msn.com,Male,62.149.177.90
588,Ingeborg,Agronski,iagronskigb@intel.com,Female,216.230.39.4
589,Bertine,Worledge,bworledgegc@homestead.com,Female,111.0.120.53
590,Leroi,Wainscoat,lwainscoatgd@mozilla.com,Male,212.169.129.144
591,Walton,Kitteman,wkittemange@yellowpages.com,Male,118.126.201.82
592,Debee,Boatwright,dboatwrightgf@jigsy.com,Female,95.82.45.199
593,Rees,Whitton,rwhittongg@deliciousdays.com,Male,192.236.63.81
594,Ichabod,Overington,ioveringtongh@independent.co.uk,Male,200.61.151.141
595,Nelli,Sustin,nsustingi@sitemeter.com,Female,55.158.204.35
596,Felipa,Tutton,ftuttongj@goo.gl,Female,180.165.162.191
597,Eba,Hurrion,ehurriongk@redcross.org,Female,22.172.128.170
598,Felisha,Bletso,fbletsogl@va.gov,Female,171.190.173.22
599,Alica,Stanbridge,astanbridgegm@pen.io,Female,143.144.133.3
600,Jeffie,Sket,jsketgn@reverbnation.com,Male,205.32.103.212
601,Freddi,McCuish,fmccuishgo@blogs.com,Female,112.82.225.200
602,Valma,Lowcock,vlowcockgp@topsy.com,Female,49.26.103.45
603,Brewer,Kimmins,bkimminsgq@moonfruit.com,Male,18.1.20.175
604,Petronella,Mitten,pmittengr@hud.gov,Female,136.15.95.101
605,Daisie,Riddeough,driddeoughgs@blogs.com,Female,153.133.80.92
606,Berti,Mitchall,bmitchallgt@behance.net,Male,151.104.70.224
607,Stacie,Dan,sdangu@ameblo.jp,Female,174.162.185.150
608,Reidar,Gosswell,rgosswellgv@cdc.gov,Male,23.90.180.222
609,Catlee,Bynert,cbynertgw@themeforest.net,Female,3.230.172.90
610,Zola,Chinery,zchinerygx@xrea.com,Female,44.163.101.117
611,Aubine,Moran,amorangy@imageshack.us,Female,62.226.80.36
612,Jamison,Grimoldby,jgrimoldbygz@arizona.edu,Male,3.16.113.118
613,Valaria,Royce,vroyceh0@answers.com,Female,60.12.38.63
614,Carry,Edmonston,cedmonstonh1@washington.edu,Female,219.33.115.145
615,Frankie,Bonney,fbonneyh2@springer.com,Male,127.141.101.19
616,Joyce,Popland,jpoplandh3@nba.com,Female,157.116.82.71
617,Dania,Pimblett,dpimbletth4@techcrunch.com,Female,92.144.23.9
618,Hoyt,Giraudoux,hgiraudouxh5@home.pl,Male,185.98.205.25
619,Jerad,Petracchi,jpetracchih6@taobao.com,Male,135.208.223.160
620,Marv,Talton,mtaltonh7@mashable.com,Male,81.255.35.233
621,Joyous,Gomby,jgombyh8@microsoft.com,Female,137.22.88.188
622,Traci,Melliard,tmelliardh9@sina.com.cn,Female,4.197.223.7
623,Cate,Shovlin,cshovlinha@sun.com,Female,161.26.40.147
624,Malissa,Orred,morredhb@blogtalkradio.com,Female,162.30.219.46
625,Itch,Lepard,ilepardhc@howstuffworks.com,Male,23.102.71.249
626,Benjamin,Januszkiewicz,bjanuszkiewiczhd@netvibes.com,Male,144.105.144.243
627,Cahra,McDavitt,cmcdavitthe@goodreads.com,Female,121.217.241.76
628,Orion,Winterbourne,owinterbournehf@wix.com,Male,195.200.158.76
629,Rena,Reichardt,rreichardthg@newyorker.com,Female,17.19.134.245
630,Lay,Hobben,lhobbenhh@posterous.com,Male,250.74.181.25
631,Magdalene,Ramsby,mramsbyhi@stumbleupon.com,Female,88.136.171.163
632,Pepita,Cancellario,pcancellariohj@princeton.edu,Female,31.50.25.205
633,Birgit,Hamblington,bhamblingtonhk@dot.gov,Female,215.23.117.25
634,Beverie,Ghidini,bghidinihl@cnn.com,Female,232.19.177.228
635,Anne-corinne,Howells,ahowellshm@photobucket.com,Female,40.85.2.149
636,Dawn,Dukelow,ddukelowhn@epa.gov,Female,115.77.176.169
637,Vaclav,Clubley,vclubleyho@nps.gov,Male,8.118.104.81
638,Danni,Kleint,dkleinthp@cmu.edu,Female,204.187.89.246
639,Markos,Meates,mmeateshq@ted.com,Male,106.0.255.79
640,Margarete,Nend,mnendhr@google.co.uk,Female,27.180.170.36
641,Eudora,Corradi,ecorradihs@mail.ru,Female,208.189.97.248
642,Crawford,Charity,ccharityht@msu.edu,Male,24.46.128.34
643,Gnni,Maylin,gmaylinhu@salon.com,Female,229.189.115.245
644,Giustino,Ridolfi,gridolfihv@bluehost.com,Male,156.252.220.28
645,Walt,Hookes,whookeshw@tiny.cc,Male,52.254.216.213
646,Berke,Hambers,bhambershx@hostgator.com,Male,22.7.53.112
647,Worthy,Ailward,wailwardhy@smugmug.com,Male,174.126.142.241
648,Kendricks,Derbyshire,kderbyshirehz@symantec.com,Male,224.18.120.119
649,Ransom,Murrie,rmurriei0@bluehost.com,Male,182.28.91.44
650,Gisella,Iggulden,gigguldeni1@scribd.com,Female,5.0.27.143
651,Gaspar,Janczak,gjanczaki2@webs.com,Male,184.140.162.89
652,Rubi,Aldwinckle,raldwincklei3@telegraph.co.uk,Female,138.218.183.243
653,Olav,Twohig,otwohigi4@mac.com,Male,110.177.240.89
654,Nadine,Courtenay,ncourtenayi5@telegraph.co.uk,Female,163.7.157.65
655,George,Stranahan,gstranahani6@nymag.com,Female,201.135.232.25
656,Lane,Parmeter,lparmeteri7@nationalgeographic.com,Male,26.234.195.210
657,Michell,Kunkel,mkunkeli8@craigslist.org,Female,96.211.65.240
658,Wilburt,Sykora,wsykorai9@uiuc.edu,Male,231.250.154.196
659,Bay,Lemm,blemmia@yahoo.co.jp,Male,96.234.197.0
660,Dukie,Pablos,dpablosib@cdc.gov,Male,78.233.234.95
661,Melanie,Mogford,mmogfordic@mapy.cz,Female,142.207.213.142
662,Sully,Tredget,stredgetid@phpbb.com,Male,189.57.239.169
663,Dew,MacMychem,dmacmychemie@redcross.org,Male,209.80.29.31
664,Hesther,Caesmans,hcaesmansif@flavors.me,Female,103.39.46.86
665,Etti,Chaves,echavesig@patch.com,Female,209.62.133.51
666,Axe,Surguine,asurguineih@addtoany.com,Male,74.225.0.9
667,Guido,Fritche,gfritcheii@ifeng.com,Male,229.123.203.142
668,Constancia,Gimlet,cgimletij@army.mil,Female,109.43.10.139
669,Ronna,Gianneschi,rgianneschiik@ifeng.com,Female,67.58.247.179
670,Ronny,Candelin,rcandelinil@acquirethisname.com,Male,99.54.246.204
671,Hollyanne,MacKill,hmackillim@msn.com,Female,203.69.162.127
672,Wendell,Cardello,wcardelloin@aboutads.info,Male,197.213.145.56
673,Melisande,Spleving,msplevingio@yelp.com,Female,86.123.198.193
674,Mariya,Pallasch,mpallaschip@goo.ne.jp,Female,236.70.221.127
675,Eugenie,Ladel,eladeliq@illinois.edu,Female,155.67.87.225
676,Gwenni,Thorburn,gthorburnir@webeden.co.uk,Female,244.160.65.7
677,Nert,Bratton,nbrattonis@networksolutions.com,Female,144.168.65.147
678,Lizabeth,Castanho,lcastanhoit@rakuten.co.jp,Female,14.246.88.42
679,Gamaliel,Guidi,gguidiiu@scribd.com,Male,91.59.25.154
680,Betsey,Dargie,bdargieiv@pinterest.com,Female,21.56.114.114
681,Dina,Cross,dcrossiw@virginia.edu,Female,122.158.78.180
682,Pauly,Raimbauld,praimbauldix@pcworld.com,Male,209.148.150.241
683,Adam,Binch,abinchiy@imgur.com,Male,212.169.161.189
684,Royal,Lindsey,rlindseyiz@statcounter.com,Male,214.119.113.209
685,Katha,Quested,kquestedj0@lycos.com,Female,21.26.205.92
686,Caril,Kenneway,ckennewayj1@list-manage.com,Female,71.190.8.56
687,Alexei,Oloshin,aoloshinj2@aol.com,Male,181.144.205.170
688,Joaquin,Bohlsen,jbohlsenj3@scientificamerican.com,Male,145.129.106.124
689,Bibbie,Lougheed,blougheedj4@cocolog-nifty.com,Female,7.103.12.8
690,Vincents,Gunston,vgunstonj5@reference.com,Male,28.229.21.6
691,Anders,Gleed,agleedj6@elpais.com,Male,31.2.236.248
692,Olag,Carous,ocarousj7@hostgator.com,Male,100.218.71.150
693,Catlin,Peers,cpeersj8@acquirethisname.com,Female,126.210.221.162
694,Shellysheldon,Hulmes,shulmesj9@bloomberg.com,Male,130.33.1.94
695,Shamus,Beckhouse,sbeckhouseja@linkedin.com,Male,117.171.147.223
696,Freddy,Dows,fdowsjb@shop-pro.jp,Female,25.2.78.163
697,Malena,Meakes,mmeakesjc@bluehost.com,Female,163.153.112.44
698,Gradeigh,Veschambre,gveschambrejd@domainmarket.com,Male,33.70.172.48
699,Johnathan,Kinchin,jkinchinje@geocities.jp,Male,118.246.42.116
700,Morey,Bestwall,mbestwalljf@samsung.com,Male,16.115.250.99
701,Britteny,Seccombe,bseccombejg@gov.uk,Female,79.1.94.158
702,Marthena,Elcocks,melcocksjh@smh.com.au,Female,164.110.135.160
703,Lane,Barajas,lbarajasji@va.gov,Male,57.149.161.220
704,Aguste,Jambrozek,ajambrozekjj@google.ru,Male,59.163.107.185
705,Arabelle,Spyer,aspyerjk@issuu.com,Female,83.180.161.130
706,Vaclav,Otley,votleyjl@etsy.com,Male,60.244.148.149
707,Kanya,Egar,kegarjm@mysql.com,Female,197.68.88.112
708,Starlene,Ovitts,sovittsjn@exblog.jp,Female,41.80.64.185
709,Madlin,Avison,mavisonjo@php.net,Female,9.72.242.79
710,Heinrick,Mabbott,hmabbottjp@miitbeian.gov.cn,Male,105.155.254.207
711,Charlena,Halbord,chalbordjq@ebay.com,Female,143.115.37.71
712,Ric,Jahncke,rjahnckejr@woothemes.com,Male,119.223.153.216
713,Zed,Dyball,zdyballjs@aboutads.info,Male,51.54.56.173
714,Barbee,Cockerton,bcockertonjt@w3.org,Female,89.202.203.33
715,Nanni,Salvati,nsalvatiju@printfriendly.com,Female,65.201.197.154
716,Matty,Tavener,mtavenerjv@slashdot.org,Male,181.123.137.75
717,Dory,Ducker,dduckerjw@blog.com,Male,212.21.218.21
718,Blayne,Savaage,bsavaagejx@ft.com,Male,172.104.19.74
719,Waring,Crowcroft,wcrowcroftjy@addtoany.com,Male,65.164.2.87
720,Danyelle,Wilprecht,dwilprechtjz@wikipedia.org,Female,55.17.247.61
721,Tarra,McBeath,tmcbeathk0@goo.gl,Female,174.255.228.231
722,Victoria,Alway,valwayk1@nasa.gov,Female,203.232.197.136
723,Rae,Getley,rgetleyk2@businessweek.com,Female,104.190.176.250
724,Sherm,Worvill,sworvillk3@skype.com,Male,79.102.229.1
725,Ruthe,Colville,rcolvillek4@craigslist.org,Female,3.172.163.163
726,Deni,Ailward,dailwardk5@discovery.com,Female,236.59.236.173
727,Cass,Moralis,cmoralisk6@theguardian.com,Male,138.9.178.119
728,Nevile,Meynell,nmeynellk7@slashdot.org,Male,195.224.227.115
729,Faun,Cinnamond,fcinnamondk8@china.com.cn,Female,227.172.250.116
730,Tessie,Primmer,tprimmerk9@ft.com,Female,149.23.86.149
731,Scotty,Denniston,sdennistonka@google.com,Male,130.30.250.54
732,Thorsten,Arran,tarrankb@shareasale.com,Male,123.5.135.162
733,Hamid,Merrill,hmerrillkc@over-blog.com,Male,235.28.128.11
734,Raul,Ritchard,rritchardkd@wunderground.com,Male,42.50.90.79
735,Boycey,Hendren,bhendrenke@globo.com,Male,186.234.116.85
736,Grenville,Byram,gbyramkf@tinyurl.com,Male,192.111.65.141
737,Claudian,Castagnone,ccastagnonekg@techcrunch.com,Male,151.84.255.74
738,Woodie,Quincee,wquinceekh@ucoz.com,Male,215.62.216.6
739,Hannis,Troy,htroyki@mit.edu,Female,97.14.241.156
740,Essa,Athelstan,eathelstankj@gov.uk,Female,231.131.188.102
741,Robbyn,Slym,rslymkk@sina.com.cn,Female,105.82.158.213
742,Ikey,Mullins,imullinskl@wired.com,Male,118.196.81.20
743,Malissa,Sargant,msargantkm@nymag.com,Female,24.175.178.95
744,Verla,Dalgliesh,vdalglieshkn@lulu.com,Female,0.77.43.127
745,Coriss,Carlisle,ccarlisleko@i2i.jp,Female,240.68.6.151
746,Olav,Greenhough,ogreenhoughkp@shinystat.com,Male,71.118.165.199
747,Dulcinea,Fronek,dfronekkq@lycos.com,Female,174.146.7.185
748,Andrei,Barrim,abarrimkr@google.com.hk,Female,46.144.19.88
749,Daveta,Linnemann,dlinnemannks@mtv.com,Female,102.181.221.136
750,Meridel,Lenden,mlendenkt@nba.com,Female,41.116.227.149
751,Coraline,Lowseley,clowseleyku@wiley.com,Female,157.133.188.111
752,Roy,Ccomini,rccominikv@census.gov,Male,4.103.4.251
753,Ryun,Brandassi,rbrandassikw@yahoo.com,Male,117.16.226.139
754,Annetta,Caslin,acaslinkx@usatoday.com,Female,173.134.123.39
755,Maurita,Berget,mbergetky@over-blog.com,Female,253.7.73.54
756,Valli,Cattrell,vcattrellkz@slate.com,Female,159.122.212.102
757,Jared,Sabine,jsabinel0@hostgator.com,Male,113.213.143.22
758,Trey,Bleasby,tbleasbyl1@mtv.com,Male,133.107.253.223
759,Augy,Bushell,abushelll2@yahoo.com,Male,154.39.132.233
760,Odille,Lardeux,olardeuxl3@virginia.edu,Female,105.234.107.213
761,Laurene,Longman,llongmanl4@seattletimes.com,Female,74.35.106.168
762,Garrick,Becconsall,gbecconsalll5@hubpages.com,Male,222.96.108.245
763,Oralia,McCourtie,omccourtiel6@shinystat.com,Female,73.219.24.109
764,Doralyn,Trower,dtrowerl7@edublogs.org,Female,165.191.25.65
765,Mallorie,Boskell,mboskelll8@desdev.cn,Female,233.243.111.180
766,Henrieta,Kydde,hkyddel9@utexas.edu,Female,166.20.233.17
767,Clarence,D'Oyly,cdoylyla@ning.com,Male,54.228.17.239
768,Terencio,Cheale,tchealelb@wikispaces.com,Male,148.12.84.180
769,Carmelia,Wornham,cwornhamlc@forbes.com,Female,120.180.97.206
770,Eal,Darby,edarbyld@blogtalkradio.com,Male,100.231.21.51
771,Anson,Littlejohns,alittlejohnsle@istockphoto.com,Male,81.246.98.24
772,Elka,Lynnett,elynnettlf@microsoft.com,Female,66.239.186.180
773,Winifred,O'Sherrin,wosherrinlg@apache.org,Female,228.134.197.34
774,Danni,Ducham,dduchamlh@marriott.com,Female,150.213.15.31
775,Dell,Moryson,dmorysonli@bbc.co.uk,Female,98.104.60.102
776,Hobey,Donke,hdonkelj@cyberchimps.com,Male,38.29.92.237
777,Major,Ferney,mferneylk@cyberchimps.com,Male,177.27.207.4
778,Vinny,Basten,vbastenll@themeforest.net,Male,144.248.12.181
779,Pincus,Clabburn,pclabburnlm@discuz.net,Male,187.170.167.233
780,Wylie,Rulf,wrulfln@t-online.de,Male,110.146.246.48
781,Kaleb,Loadwick,kloadwicklo@google.pl,Male,216.125.231.84
782,Meier,Eyam,meyamlp@t.co,Male,232.113.9.229
783,Nathanael,Barfoot,nbarfootlq@businessinsider.com,Male,222.246.132.193
784,Salmon,Hastler,shastlerlr@paypal.com,Male,204.140.35.102
785,Adan,Kinnoch,akinnochls@examiner.com,Male,176.140.141.223
786,Marcos,Piniur,mpiniurlt@technorati.com,Male,117.57.88.223
787,Stevana,Crosham,scroshamlu@google.com,Female,174.20.140.208
788,Tracie,Firebrace,tfirebracelv@odnoklassniki.ru,Male,221.75.37.225
789,Callean,Duckett,cduckettlw@narod.ru,Male,43.191.230.36
790,Mikey,Easton,meastonlx@sfgate.com,Male,164.51.186.44
791,Sonny,Stych,sstychly@google.de,Female,35.237.215.127
792,Abba,Ebbins,aebbinslz@auda.org.au,Male,29.201.97.194
793,Eveleen,Bligh,eblighm0@nih.gov,Female,213.164.14.154
794,Aretha,Hawyes,ahawyesm1@tinyurl.com,Female,39.71.131.134
795,Napoleon,Oldroyde,noldroydem2@techcrunch.com,Male,60.113.120.108
796,Phillie,Foottit,pfoottitm3@nytimes.com,Female,75.75.180.29
797,Jodi,Klaiser,jklaiserm4@geocities.jp,Female,136.4.170.225
798,Mylo,Drewery,mdrewerym5@a8.net,Male,164.223.244.35
799,Kissee,Giggie,kgiggiem6@ow.ly,Female,239.168.238.45
800,Shellie,Redsull,sredsullm7@cargocollective.com,Female,104.24.35.30
801,Seline,Battabee,sbattabeem8@angelfire.com,Female,67.252.53.242
802,Della,Wraggs,dwraggsm9@mashable.com,Female,86.237.218.201
803,Becki,Garwood,bgarwoodma@freewebs.com,Female,250.4.56.166
804,Kelsey,Iannuzzelli,kiannuzzellimb@yahoo.com,Male,185.151.242.147
805,Joana,Stango,jstangomc@joomla.org,Female,111.185.111.108
806,Max,Rawlinson,mrawlinsonmd@timesonline.co.uk,Male,254.140.226.167
807,Nathan,Vasiliev,nvasilievme@phoca.cz,Male,165.172.156.202
808,Duke,Smittoune,dsmittounemf@parallels.com,Male,251.142.164.109
809,Grady,Macak,gmacakmg@whitehouse.gov,Male,187.53.58.38
810,Tobe,Novis,tnovismh@i2i.jp,Female,215.239.58.132
811,Jeralee,Levington,jlevingtonmi@slideshare.net,Female,214.78.152.159
812,Goldie,Hertwell,ghertwellmj@goo.gl,Female,254.75.154.157
813,Kellie,Bloom,kbloommk@apache.org,Female,216.107.118.137
814,Yevette,Eilhart,yeilhartml@jigsy.com,Female,74.78.181.84
815,Giselle,Wanne,gwannemm@virginia.edu,Female,99.159.54.96
816,Marja,Ors,morsmn@netscape.com,Female,204.68.146.27
817,Krystalle,Southcombe,ksouthcombemo@gizmodo.com,Female,101.218.195.115
818,Yalonda,McCoid,ymccoidmp@tinyurl.com,Female,82.28.232.163
819,Harri,Jedrzej,hjedrzejmq@jimdo.com,Female,153.33.181.53
820,Brianne,Ferandez,bferandezmr@weebly.com,Female,98.203.54.152
821,Obidiah,Spratt,osprattms@discovery.com,Male,66.68.230.78
822,Geralda,Tracy,gtracymt@ebay.com,Female,91.135.191.117
823,Miller,Perrycost,mperrycostmu@issuu.com,Male,69.178.28.128
824,Leigh,Kumaar,lkumaarmv@youtube.com,Male,209.207.130.169
825,Elwin,Zebedee,ezebedeemw@netlog.com,Male,222.176.220.222
826,Moshe,Taffley,mtaffleymx@spotify.com,Male,213.209.119.173
827,Jillene,Zumbusch,jzumbuschmy@uol.com.br,Female,201.228.219.80
828,Filippa,Veelers,fveelersmz@shop-pro.jp,Female,170.200.98.178
829,Reinhard,Pluck,rpluckn0@ox.ac.uk,Male,227.0.237.220
830,Mendel,Hazelby,mhazelbyn1@blogtalkradio.com,Male,28.149.21.248
831,Mort,Crosi,mcrosin2@ask.com,Male,222.27.230.121
832,Prudy,Gittings,pgittingsn3@cnn.com,Female,165.145.155.243
833,Cyb,Hagger,chaggern4@cloudflare.com,Female,198.92.255.82
834,Abelard,Boller,abollern5@php.net,Male,176.113.74.21
835,Janka,Traise,jtraisen6@abc.net.au,Female,242.161.179.219
836,Tobi,Pryer,tpryern7@smh.com.au,Female,68.243.255.207
837,Benita,Gaynor,bgaynorn8@soup.io,Female,75.215.8.255
838,Shelden,Cristoforetti,scristoforettin9@time.com,Male,152.48.245.77
839,Pren,Lernihan,plernihanna@xing.com,Male,93.254.223.123
840,Jacki,Lennox,jlennoxnb@hibu.com,Female,139.147.53.227
841,Lind,Mitchard,lmitchardnc@ca.gov,Male,158.238.72.121
842,Melisandra,Crolla,mcrolland@europa.eu,Female,21.3.99.52
843,Errick,Atkin,eatkinne@oakley.com,Male,137.185.2.40
844,Maryellen,Lowseley,mlowseleynf@indiatimes.com,Female,19.216.87.147
845,Felipa,Barefoot,fbarefootng@skyrock.com,Female,124.130.128.54
846,Candy,Garber,cgarbernh@liveinternet.ru,Female,133.144.237.178
847,Jeremiah,Stackbridge,jstackbridgeni@google.cn,Male,81.180.71.116
848,Godard,Pasticznyk,gpasticznyknj@webs.com,Male,176.178.210.30
849,Winne,Hardson,whardsonnk@usgs.gov,Female,150.22.15.109
850,Tarra,Depport,tdepportnl@umich.edu,Female,22.175.115.97
851,Nathan,Perring,nperringnm@ucoz.com,Male,189.190.150.63
852,Federico,Mustin,fmustinnn@narod.ru,Male,216.128.115.105
853,Heriberto,Skyner,hskynerno@mail.ru,Male,161.75.102.229
854,Ailyn,Henri,ahenrinp@who.int,Female,160.68.233.255
855,Ruby,Olivas,rolivasnq@princeton.edu,Female,89.167.131.104
856,Shalna,Polet,spoletnr@theguardian.com,Female,240.66.32.155
857,Keary,Sammes,ksammesns@twitpic.com,Male,205.31.7.248
858,Ferrel,Tettley,ftettleynt@mayoclinic.com,Male,9.24.47.118
859,Jaine,Jewks,jjewksnu@merriam-webster.com,Female,231.209.33.85
860,Brandea,Chasles,bchaslesnv@myspace.com,Female,196.203.166.222
861,Ilaire,Bernhardt,ibernhardtnw@sfgate.com,Male,220.198.29.209
862,Cornelia,McGawn,cmcgawnnx@pbs.org,Female,32.172.119.194
863,Willetta,Kearford,wkearfordny@unblog.fr,Female,219.112.218.124
864,Oran,Aldhous,oaldhousnz@de.vu,Male,152.236.16.122
865,Korney,Winkell,kwinkello0@stanford.edu,Female,130.130.70.237
866,Margo,Chilcotte,mchilcotteo1@npr.org,Female,137.166.196.180
867,Regina,Le Estut,rleestuto2@independent.co.uk,Female,96.54.53.222
868,Cass,Loyndon,cloyndono3@youku.com,Female,61.142.48.119
869,Salomon,Elldred,selldredo4@istockphoto.com,Male,146.22.88.20
870,Rosalynd,Sall,rsallo5@blogs.com,Female,173.132.173.61
871,Kalina,Scotti,kscottio6@delicious.com,Female,118.8.11.63
872,Harper,Flucker,hfluckero7@bing.com,Male,72.207.145.46
873,Devina,O'Suaird,dosuairdo8@simplemachines.org,Female,253.6.26.170
874,Kassie,Malden,kmaldeno9@squarespace.com,Female,3.145.153.95
875,Mariquilla,Praundlin,mpraundlinoa@yandex.ru,Female,87.187.210.107
876,Hallie,Cantle,hcantleob@youku.com,Female,40.236.3.249
877,Shirline,Viggers,sviggersoc@people.com.cn,Female,149.73.226.17
878,Elsinore,Vaughan-Hughes,evaughanhughesod@yahoo.co.jp,Female,240.140.246.85
879,Corrie,Coule,ccouleoe@gov.uk,Female,163.133.50.170
880,Jerrilee,Mordecai,jmordecaiof@meetup.com,Female,38.50.34.112
881,Clarita,Sainsbury-Brown,csainsburybrownog@youtube.com,Female,45.122.212.162
882,Tymothy,Conaghy,tconaghyoh@seesaa.net,Male,160.130.232.77
883,Catharina,Peckitt,cpeckittoi@illinois.edu,Female,104.51.82.3
884,Fay,Fairholme,ffairholmeoj@princeton.edu,Female,72.226.22.104
885,Tiffi,McFarlane,tmcfarlaneok@buzzfeed.com,Female,128.20.248.127
886,Stu,Kervin,skervinol@tiny.cc,Male,147.211.142.144
887,Conway,Culver,cculverom@examiner.com,Male,111.159.214.247
888,Rosemarie,McGreary,rmcgrearyon@irs.gov,Female,164.72.33.173
889,Peirce,Guesford,pguesfordoo@independent.co.uk,Male,108.209.184.184
890,Germana,Meynell,gmeynellop@va.gov,Female,202.183.3.184
891,D'arcy,Iglesia,diglesiaoq@google.com.hk,Male,176.108.112.185
892,Timmy,Outridge,toutridgeor@surveymonkey.com,Male,57.235.160.19
893,Margi,Moncreiff,mmoncreiffos@i2i.jp,Female,220.196.152.20
894,Amalia,Kunath,akunathot@usnews.com,Female,105.245.145.53
895,Tobin,Quigley,tquigleyou@tuttocitta.it,Male,85.183.16.61
896,Dur,Atton,dattonov@va.gov,Male,207.50.63.32
897,Daffie,Matyugin,dmatyuginow@nba.com,Female,13.99.249.196
898,Cathy,Fanthome,cfanthomeox@behance.net,Female,89.25.91.246
899,Wyatan,Tomaskov,wtomaskovoy@nytimes.com,Male,36.36.202.9
900,Rosemarie,Hallworth,rhallworthoz@pcworld.com,Female,249.194.102.128
901,Ladonna,Legon,llegonp0@paypal.com,Female,116.76.49.83
902,Brianna,Somerville,bsomervillep1@wikimedia.org,Female,40.210.241.79
903,Aila,Hrishchenko,ahrishchenkop2@mail.ru,Female,219.47.83.74
904,Brigida,Snoddy,bsnoddyp3@dell.com,Female,118.79.60.154
905,Town,Brumpton,tbrumptonp4@webs.com,Male,156.31.121.16
906,Mattie,Addicott,maddicottp5@ox.ac.uk,Male,168.177.169.142
907,Olenka,Beckmann,obeckmannp6@joomla.org,Female,194.6.254.148
908,Morly,Mountain,mmountainp7@upenn.edu,Male,0.67.166.74
909,Imojean,Stolte,istoltep8@ox.ac.uk,Female,66.89.35.41
910,Jenny,Kinson,jkinsonp9@furl.net,Female,109.115.110.15
911,Tommie,Muriel,tmurielpa@people.com.cn,Male,41.127.234.186
912,Ruthann,Melly,rmellypb@theatlantic.com,Female,141.102.151.213
913,Mahala,Giacobini,mgiacobinipc@usgs.gov,Female,148.203.87.12
914,Janenna,Prator,jpratorpd@mac.com,Female,115.90.104.220
915,Deonne,Quigg,dquiggpe@yellowbook.com,Female,16.175.138.202
916,Drud,Jukubczak,djukubczakpf@narod.ru,Male,13.92.71.124
917,Gail,Decruse,gdecrusepg@drupal.org,Male,0.187.11.124
918,Peggy,Cornels,pcornelsph@php.net,Female,237.199.9.221
919,Lexy,Fayter,lfayterpi@nydailynews.com,Female,89.129.177.83
920,Efren,Capaldo,ecapaldopj@spiegel.de,Male,153.197.183.170
921,Corilla,Attree,cattreepk@fastcompany.com,Female,130.251.87.5
922,Lisle,Maunder,lmaunderpl@nba.com,Male,80.68.168.250
923,Killy,Mathevon,kmathevonpm@si.edu,Male,51.129.134.228
924,Arturo,Offer,aofferpn@yandex.ru,Male,112.176.101.91
925,Berget,Berthot,bberthotpo@mozilla.org,Female,70.34.6.41
926,Mable,McDougall,mmcdougallpp@symantec.com,Female,71.3.0.201
927,Veronika,Hyne,vhynepq@meetup.com,Female,156.185.237.234
928,Maurise,Farens,mfarenspr@51.la,Female,116.200.198.230
929,Silas,Moxom,smoxomps@cargocollective.com,Male,225.24.42.86
930,Correy,Rushmere,crushmerept@unc.edu,Male,84.184.247.186
931,Ted,L' Estrange,tlestrangepu@china.com.cn,Female,53.254.53.63
932,Redford,Becom,rbecompv@xing.com,Male,239.88.39.246
933,Dolph,Haselup,dhaseluppw@miitbeian.gov.cn,Male,131.145.4.242
934,Brennan,Jeness,bjenesspx@redcross.org,Male,169.122.57.212
935,Carr,Altimas,caltimaspy@51.la,Male,142.74.38.129
936,Ole,Pallent,opallentpz@tuttocitta.it,Male,26.145.109.128
937,Robbi,Bewlie,rbewlieq0@facebook.com,Female,136.83.92.58
938,Baldwin,Elphey,belpheyq1@yahoo.com,Male,164.200.178.249
939,Andie,Hamill,ahamillq2@bizjournals.com,Female,91.1.95.127
940,Kitti,Rude,krudeq3@flickr.com,Female,49.48.74.162
941,Inglis,Barthrop,ibarthropq4@mysql.com,Male,178.11.126.108
942,Gustavus,Mcsarry,gmcsarryq5@bizjournals.com,Male,188.243.134.68
943,Mil,Crampsy,mcrampsyq6@baidu.com,Female,183.15.125.223
944,Aluino,Mackley,amackleyq7@netvibes.com,Male,243.155.11.232
945,Kristo,Jeanesson,kjeanessonq8@jimdo.com,Male,97.156.99.236
946,Ardith,Toghill,atoghillq9@mediafire.com,Female,174.74.128.133
947,Nerty,Bartosek,nbartosekqa@redcross.org,Female,153.204.191.35
948,Beatrisa,Paulazzi,bpaulazziqb@newyorker.com,Female,120.177.58.11
949,Mirilla,Campanelle,mcampanelleqc@macromedia.com,Female,237.226.30.193
950,Arlene,Willmer,awillmerqd@latimes.com,Female,191.118.29.239
951,Jasun,Habbal,jhabbalqe@wordpress.com,Male,239.11.171.174
952,Wyndham,Mafham,wmafhamqf@rambler.ru,Male,64.165.204.210
953,Germain,Vasilischev,gvasilischevqg@apple.com,Male,199.198.113.92
954,Hans,Verney,hverneyqh@nytimes.com,Male,194.165.124.228
955,Addie,Piotr,apiotrqi@mashable.com,Female,240.143.210.173
956,Leeanne,Messam,lmessamqj@cmu.edu,Female,168.99.163.149
957,Ardisj,Lymer,alymerqk@answers.com,Female,188.156.184.208
958,Orville,Dosdale,odosdaleql@linkedin.com,Male,39.203.97.202
959,Rafaellle,Shilvock,rshilvockqm@wired.com,Male,247.121.155.173
960,Euell,Garlinge,egarlingeqn@stumbleupon.com,Male,206.16.239.42
961,Elnar,Triplet,etripletqo@unicef.org,Male,21.246.140.7
962,Bastien,Gerritsma,bgerritsmaqp@columbia.edu,Male,206.108.217.8
963,Milka,Lammertz,mlammertzqq@yandex.ru,Female,198.214.105.204
964,Maitilde,Grellier,mgrellierqr@weather.com,Female,174.197.167.20
965,Atalanta,Ginnelly,aginnellyqs@engadget.com,Female,64.221.16.46
966,Godfry,Callard,gcallardqt@toplist.cz,Male,213.130.146.188
967,Lorena,Roddy,lroddyqu@hugedomains.com,Female,114.236.162.58
968,Janeen,Menere,jmenereqv@123-reg.co.uk,Female,170.114.171.139
969,Thedric,Menilove,tmeniloveqw@scribd.com,Male,53.182.136.149
970,Reynard,Dell,rdellqx@tiny.cc,Male,164.106.78.34
971,Celie,Grastye,cgrastyeqy@shop-pro.jp,Female,134.65.83.245
972,Blake,Choppin,bchoppinqz@businessinsider.com,Male,126.193.131.216
973,Hatty,Phillip,hphillipr0@blogs.com,Female,93.11.88.11
974,Constancia,Fuzzard,cfuzzardr1@canalblog.com,Female,57.211.253.237
975,Cyrill,Brayley,cbrayleyr2@digg.com,Male,177.12.175.198
976,Vinnie,Weddup,vweddupr3@gnu.org,Male,111.7.114.30
977,Taddeusz,McBratney,tmcbratneyr4@w3.org,Male,33.231.103.120
978,Jeane,Ferie,jferier5@mediafire.com,Female,137.78.200.74
979,Raoul,Semmens,rsemmensr6@a8.net,Male,54.230.4.75
980,Suki,Lower,slowerr7@webeden.co.uk,Female,75.248.250.174
981,Noell,Scutcheon,nscutcheonr8@bloomberg.com,Female,196.207.111.148
982,Aldon,Beaushaw,abeaushawr9@nbcnews.com,Male,251.160.104.97
983,Herminia,Swaffer,hswafferra@skyrock.com,Female,189.150.68.244
984,Suzann,Bocock,sbocockrb@sogou.com,Female,241.129.110.0
985,Isadora,Larmett,ilarmettrc@parallels.com,Female,98.156.248.60
986,Nevin,Rollinshaw,nrollinshawrd@kickstarter.com,Male,246.113.255.113
987,Bev,Dabernott,bdabernottre@geocities.jp,Female,201.165.58.81
988,Davy,Danne,ddannerf@wikia.com,Male,83.56.189.142
989,Kayne,Duffyn,kduffynrg@usnews.com,Male,174.84.85.107
990,Ringo,Lindstedt,rlindstedtrh@wiley.com,Male,97.168.65.188
991,Aggie,Canape,acanaperi@gravatar.com,Female,103.190.43.37
992,Ruddie,McLucky,rmcluckyrj@issuu.com,Male,44.160.54.208
993,Sylvester,McGaraghan,smcgaraghanrk@irs.gov,Male,94.124.11.204
994,Mathias,Petriello,mpetriellorl@disqus.com,Male,35.5.47.211
995,Arlee,Brogini,abroginirm@google.com.hk,Female,166.97.80.164
996,Idette,Benzie,ibenziern@360.cn,Female,154.33.126.46
997,Winthrop,Killock,wkillockro@dion.ne.jp,Male,233.104.38.25
998,Charyl,Saiens,csaiensrp@theglobeandmail.com,Female,149.133.219.45
999,Cherilynn,Crawcour,ccrawcourrq@businesswire.com,Female,97.112.221.27
1000,Danie,Lamprecht,dlamprechtrr@webnode.com,Male,129.158.112.134
