FirstName,LastName,Email,Country,Start
Raddie,Kopec,rkopec0@adobe.com,CO,2018-03-17
Danya,Northin,dnorthin1@godaddy.com,ID,2017-04-19
Tessy,Dinjes,tdinjes2@github.com,ID,2018-12-31
Dickie,Purselow,dpurselow3@ted.com,CN,2015-08-07
Vincenz,Assiratti,vassiratti4@sciencedirect.com,PE,2016-02-03
Charlot,Cettell,ccettell5@fda.gov,MA,2019-01-25
Trip,Dell 'Orto,tdellorto6@comsenz.com,HN,2016-03-07
Cordey,Heyburn,cheyburn7@vkontakte.ru,PH,2018-08-03
Mariya,Montier,mmontier8@usa.gov,ZA,2018-12-23
Oneida,Demschke,odemschke9@ucoz.com,CZ,2017-01-18
Fredericka,Elgey,felgeya@ycombinator.com,RU,2017-11-15
Gabbie,Edmans,gedmansb@boston.com,RU,2017-04-20
Riannon,Birds,rbirdsc@indiatimes.com,PL,2015-11-26
Isidore,Oylett,ioylettd@oakley.com,PT,2017-10-04
Myrwyn,Dent,mdente@free.fr,ID,2017-08-17
Larisa,Weldrake,lweldrakef@naver.com,UA,2017-10-29
Karla,Fairbank,kfairbankg@indiegogo.com,CN,2019-04-01
Rosalinde,Daymond,rdaymondh@tiny.cc,TH,2017-03-14
Temple,Pittson,tpittsoni@samsung.com,AR,2018-08-25
Julietta,Penkman,jpenkmanj@adobe.com,PL,2016-05-09
Tallie,Klamman,tklammank@tinyurl.com,FR,2015-11-06
Melissa,Kubiczek,mkubiczekl@yelp.com,PE,2018-10-08
Richie,Pusey,rpuseym@mit.edu,BR,2019-07-25
Sayers,McKie,smckien@accuweather.com,CN,2016-07-24
Arlan,Gregolin,agregolino@elegantthemes.com,RS,2016-09-29
Aylmer,Clendening,aclendeningp@yellowpages.com,PH,2016-01-16
Cathrine,Belf,cbelfq@dailymotion.com,FI,2019-02-13
Boothe,Laister,blaisterr@squidoo.com,CN,2016-05-17
Cristina,Glyne,cglynes@nsw.gov.au,PE,2018-04-16
Karie,Atley,katleyt@bandcamp.com,MN,2016-10-09
Marcellus,Di Roberto,mdirobertou@simplemachines.org,CN,2016-09-09
Zelma,Georges,zgeorgesv@google.cn,HU,2017-03-30
Benedick,Erie,beriew@walmart.com,PK,2018-04-03
Barri,Cutting,bcuttingx@washington.edu,NG,2018-09-29
Leighton,Eminson,leminsony@symantec.com,CN,2017-10-21
Lyssa,Swale,lswalez@edublogs.org,CZ,2019-01-10
Hercules,Sayer,hsayer10@google.pl,ID,2018-05-13
Adolpho,Gotthard,agotthard11@sohu.com,BJ,2017-07-22
Morris,Hardwell,mhardwell12@sfgate.com,SE,2018-02-18
Dorena,Heater,dheater13@alexa.com,RU,2016-05-27
Lewiss,Croker,lcroker14@cam.ac.uk,RU,2016-07-04
Goddart,Fibbens,gfibbens15@macromedia.com,ID,2017-01-31
Ira,Webby,iwebby16@slashdot.org,PE,2016-06-05
Pierrette,Luscott,pluscott17@squidoo.com,CN,2016-03-10
Darius,Ohrt,dohrt18@rambler.ru,RU,2017-10-29
Pietro,Denisovo,pdenisovo19@seattletimes.com,JP,2017-01-04
Leoline,Vernall,lvernall1a@hexun.com,DO,2019-03-30
Nikolaus,Zanuciolii,nzanuciolii1b@com.com,CN,2018-06-14
Arvy,Brockhouse,abrockhouse1c@woothemes.com,CN,2015-08-18
Lorine,Carloni,lcarloni1d@acquirethisname.com,IR,2018-08-25
Giusto,Garbar,ggarbar1e@google.it,ID,2019-04-14
Simone,Iron,siron1f@eventbrite.com,IE,2017-01-11
Rasla,Francesco,rfrancesco1g@webnode.com,MG,2017-01-29
Malinda,Hover,mhover1h@mail.ru,AL,2015-10-26
Tony,Jedraszczyk,tjedraszczyk1i@answers.com,CN,2018-10-25
Tobi,Fearnall,tfearnall1j@flavors.me,RU,2016-08-13
Steffi,McNeilly,smcneilly1k@weather.com,JP,2015-11-09
Nicolle,Kirvin,nkirvin1l@bravesites.com,GR,2016-06-27
Zorina,McKane,zmckane1m@narod.ru,US,2017-08-05
Cathi,Bezant,cbezant1n@loc.gov,CN,2019-05-03
Joellyn,Isacke,jisacke1o@dell.com,GR,2016-10-06
Sal,Coie,scoie1p@youku.com,CN,2017-08-20
Cristin,Labern,clabern1q@barnesandnoble.com,PH,2016-06-16
Anna,Teece,ateece1r@devhub.com,FR,2018-03-12
Bevvy,Orhtmann,borhtmann1s@time.com,HR,2016-04-05
Pancho,Ruddick,pruddick1t@cloudflare.com,ID,2019-01-15
Fairleigh,O'Gready,fogready1u@behance.net,PE,2018-11-06
Luise,Heball,lheball1v@sakura.ne.jp,MK,2015-11-23
Syd,Wooffitt,swooffitt1w@stumbleupon.com,PH,2017-04-09
Tiler,Emptage,temptage1x@cbslocal.com,PT,2016-09-28
Elisabet,Mudd,emudd1y@flavors.me,IT,2017-07-19
Sampson,Riolfi,sriolfi1z@live.com,RU,2015-11-16
Mycah,Geockle,mgeockle20@scientificamerican.com,BY,2016-03-12
Jenilee,Richfield,jrichfield21@blogtalkradio.com,RU,2016-04-03
Uri,Deddum,udeddum22@irs.gov,BR,2018-09-16
Dru,Jeanes,djeanes23@latimes.com,NG,2019-01-17
Essie,Monson,emonson24@microsoft.com,RU,2019-04-20
Jacenta,Kiellor,jkiellor25@over-blog.com,NG,2016-12-03
Hadrian,Volke,hvolke26@prlog.org,ID,2018-06-08
Minette,Schruyers,mschruyers27@wunderground.com,CN,2017-11-26
Glad,Hallward,ghallward28@drupal.org,RU,2015-11-24
Lyn,de Vaen,ldevaen29@illinois.edu,CN,2018-12-23
Shirleen,Yeskov,syeskov2a@stumbleupon.com,NI,2017-08-22
Nikolai,Jordi,njordi2b@google.ru,AL,2018-01-23
Melly,Pessel,mpessel2c@moonfruit.com,PH,2016-10-19
Tracey,Bennett,tbennett2d@cocolog-nifty.com,FI,2017-06-08
Waring,Doley,wdoley2e@shinystat.com,AZ,2018-11-17
Anderea,Searl,asearl2f@noaa.gov,CN,2016-12-13
Analiese,Maren,amaren2g@hubpages.com,BF,2019-03-25
Doti,Tedridge,dtedridge2h@fema.gov,ET,2015-12-17
Pieter,Souley,psouley2i@youtube.com,CN,2018-07-17
Paul,Murname,pmurname2j@disqus.com,TZ,2018-10-02
Issy,Gouldstone,igouldstone2k@github.io,NP,2016-08-19
Meade,Joslin,mjoslin2l@seattletimes.com,GB,2018-03-22
Red,Gilhoolie,rgilhoolie2m@rakuten.co.jp,PE,2019-07-01
Jerald,Dyhouse,jdyhouse2n@ed.gov,BR,2017-09-20
Clari,Mockett,cmockett2o@alexa.com,MX,2019-05-22
Augustine,Zuann,azuann2p@youtu.be,GB,2017-10-18
Kakalina,Heijnen,kheijnen2q@wiley.com,RU,2016-03-22
Lion,Buttel,lbuttel2r@pagesperso-orange.fr,PE,2016-05-22
Crin,Halbeard,chalbeard2s@youtu.be,CN,2016-05-19
Marguerite,Aysh,maysh2t@cnet.com,PH,2017-11-15
Aryn,Kynforth,akynforth2u@pen.io,VE,2019-07-19
Garrot,Anfossi,ganfossi2v@digg.com,CN,2018-01-01
Molli,Rouchy,mrouchy2w@imdb.com,CN,2016-01-06
Frans,Iacavone,fiacavone2x@about.com,PY,2016-09-05
Miof mela,Glendenning,mglendenning2y@google.co.uk,RU,2016-11-30
Morgen,Luxen,mluxen2z@cyberchimps.com,MX,2017-10-20
Nikkie,Jeremaes,njeremaes30@wikispaces.com,PT,2018-11-08
Miguelita,Voden,mvoden31@mapquest.com,BR,2016-05-14
Olwen,Alvar,oalvar32@virginia.edu,FR,2017-12-29
Elladine,De Courtney,edecourtney33@usa.gov,AR,2018-02-15
Harwilll,Prydie,hprydie34@ox.ac.uk,JP,2018-07-03
Mikel,Foxcroft,mfoxcroft35@bbb.org,FR,2018-06-29
Damiano,Ardron,dardron36@desdev.cn,NL,2017-06-12
Gregoire,Cosson,gcosson37@seattletimes.com,RU,2016-05-17
Beckie,Treasaden,btreasaden38@ed.gov,CN,2017-09-10
Mischa,Rippingall,mrippingall39@noaa.gov,CO,2018-01-13
Bambie,Meachem,bmeachem3a@toplist.cz,CN,2018-03-28
Cameron,Hindrick,chindrick3b@nytimes.com,JP,2018-05-25
Frederic,Mea,fmea3c@odnoklassniki.ru,CA,2017-07-18
Daniella,Lindfors,dlindfors3d@netlog.com,JP,2018-09-20
Delainey,Rooms,drooms3e@fema.gov,DE,2015-11-19
Walliw,Kennford,wkennford3f@mozilla.org,BY,2016-10-25
Lionello,Amorine,lamorine3g@bloglines.com,CN,2018-12-12
Ranique,Bullene,rbullene3h@devhub.com,CY,2018-12-19
Sacha,Morritt,smorritt3i@blogs.com,CN,2016-07-03
Lemmie,Bryett,lbryett3j@goo.ne.jp,CO,2018-07-23
Farleigh,Gillise,fgillise3k@chronoengine.com,MX,2016-01-28
Marsiella,Turk,mturk3l@wikimedia.org,HN,2019-01-18
Valentin,Parrott,vparrott3m@xing.com,BR,2016-05-13
Ardene,O' Mahony,aomahony3n@telegraph.co.uk,AM,2018-03-26
Tammi,Verma,tverma3o@jimdo.com,DE,2018-06-08
Pam,Nursey,pnursey3p@google.fr,AR,2016-05-26
Justen,Machel,jmachel3q@desdev.cn,CN,2017-02-28
Harriot,Segar,hsegar3r@flickr.com,AR,2017-01-17
Andros,Letixier,aletixier3s@prweb.com,HN,2016-09-02
Aguie,Dobbison,adobbison3t@foxnews.com,UA,2019-06-01
Leelah,Roper,lroper3u@mail.ru,MX,2016-08-24
Kelly,Cleeves,kcleeves3v@timesonline.co.uk,AM,2018-02-28
Nollie,Croke,ncroke3w@yellowpages.com,IL,2018-09-28
Jeanne,Wilmot,jwilmot3x@facebook.com,BR,2017-03-28
Trish,Chopping,tchopping3y@google.com.br,CZ,2017-05-06
Editha,Keson,ekeson3z@mayoclinic.com,FR,2016-04-18
Tracee,Larrosa,tlarrosa40@businesswire.com,PY,2017-09-07
Dudley,Gromley,dgromley41@boston.com,AR,2016-07-25
Richart,Mantram,rmantram42@china.com.cn,AL,2015-12-22
Ansel,MacCafferky,amaccafferky43@abc.net.au,US,2019-02-06
Marilyn,Mosdell,mmosdell44@senate.gov,PL,2018-09-20
Vidovic,Le Blond,vleblond45@weebly.com,US,2015-12-17
Bradford,Wackly,bwackly46@indiegogo.com,JP,2017-12-14
Tedman,Berceros,tberceros47@jiathis.com,CZ,2016-10-31
Tabby,Bossons,tbossons48@cafepress.com,CN,2019-06-05
Meg,Haslegrave,mhaslegrave49@howstuffworks.com,FR,2019-03-08
Megan,Goneau,mgoneau4a@studiopress.com,CN,2017-02-10
Thalia,Scardifeild,tscardifeild4b@hugedomains.com,GR,2018-04-08
Marcela,McCrainor,mmccrainor4c@home.pl,ID,2019-02-03
Byrle,Woolager,bwoolager4d@omniture.com,CN,2018-01-04
Bartolemo,Coiley,bcoiley4e@constantcontact.com,GW,2016-07-13
Yalonda,Sexton,ysexton4f@phpbb.com,AS,2015-11-22
Jaquith,Nossent,jnossent4g@arizona.edu,NG,2017-03-29
Willy,Viles,wviles4h@networkadvertising.org,PT,2018-03-09
Dorise,Wornham,dwornham4i@xing.com,ID,2016-02-06
Sheena,Clemenza,sclemenza4j@yale.edu,CN,2019-07-22
Katuscha,Jewett,kjewett4k@cam.ac.uk,ET,2018-07-28
Reggie,Doig,rdoig4l@theguardian.com,UA,2016-11-01
Melessa,Beckerleg,mbeckerleg4m@angelfire.com,GR,2018-02-19
Cesaro,Reiling,creiling4n@sciencedirect.com,PH,2017-05-25
Glyn,Pittson,gpittson4o@ucsd.edu,PH,2015-09-19
Lucienne,Pitbladdo,lpitbladdo4p@twitter.com,UZ,2017-02-12
Cathee,Decayette,cdecayette4q@yellowpages.com,ID,2018-06-30
Baxie,Hillaby,bhillaby4r@archive.org,CN,2018-03-23
Jenny,Swadling,jswadling4s@ted.com,CN,2018-03-18
Bendick,Stidson,bstidson4t@google.ca,ID,2019-06-07
Denney,Mannock,dmannock4u@cnet.com,JP,2017-10-21
Terrence,Braybrookes,tbraybrookes4v@usda.gov,US,2017-01-30
Ronda,Gremain,rgremain4w@csmonitor.com,RU,2017-04-27
Kerwinn,Lovstrom,klovstrom4x@aboutads.info,RU,2017-12-07
Kelila,Polotti,kpolotti4y@intel.com,TH,2016-10-05
Marie-jeanne,Kittel,mkittel4z@usnews.com,JP,2017-12-10
Elwin,Sharply,esharply50@un.org,US,2016-11-21
Harlie,Linne,hlinne51@dell.com,FM,2017-02-05
Gianni,Gent,ggent52@slate.com,RU,2018-06-27
Giuseppe,Le Noire,glenoire53@nasa.gov,RU,2019-03-02
Dominic,Beushaw,dbeushaw54@theguardian.com,JP,2017-10-05
Matteo,Kleisle,mkleisle55@creativecommons.org,FR,2018-03-20
Kara-lynn,MacGilrewy,kmacgilrewy56@webs.com,PH,2018-10-02
Hamnet,Lavies,hlavies57@4shared.com,PT,2017-03-15
Filmer,Dempster,fdempster58@sourceforge.net,RU,2017-10-30
Aurelea,Friman,afriman59@hubpages.com,TH,2017-06-28
Dionis,Wellings,dwellings5a@about.com,CN,2019-03-07
Bab,Chaplain,bchaplain5b@skyrock.com,GR,2018-04-20
Nobie,Crowch,ncrowch5c@army.mil,NP,2018-05-17
Ryann,Arkell,rarkell5d@edublogs.org,FR,2017-12-25
Valencia,Frankcomb,vfrankcomb5e@naver.com,SE,2017-02-11
Cammy,Bumby,cbumby5f@altervista.org,RS,2016-12-31
Tobey,Lyven,tlyven5g@w3.org,PH,2016-03-06
Dareen,Deaville,ddeaville5h@desdev.cn,RU,2018-06-07
Yetty,Bidgod,ybidgod5i@cmu.edu,CH,2016-05-24
Parrnell,Swayland,pswayland5j@example.com,PH,2018-04-20
Felecia,Blaylock,fblaylock5k@gmpg.org,CN,2019-01-10
Glenda,Challen,gchallen5l@dyndns.org,FR,2017-10-31
Tiebold,Vidgeon,tvidgeon5m@discuz.net,CN,2016-12-20
Kailey,Matschoss,kmatschoss5n@hud.gov,CN,2018-09-11
Merci,Tatnell,mtatnell5o@chronoengine.com,UG,2019-04-14
Kathrine,Frane,kfrane5p@dyndns.org,FI,2017-05-28
Madeline,Muzzi,mmuzzi5q@springer.com,PL,2019-03-28
Daveta,Deare,ddeare5r@ehow.com,CM,2016-05-13
Carmencita,Rouby,crouby5s@mtv.com,PH,2017-10-21
Roxine,Zoellner,rzoellner5t@opensource.org,PG,2018-08-05
Hayley,Hansman,hhansman5u@desdev.cn,SE,2017-11-26
Mikael,Pask,mpask5v@umich.edu,RU,2019-05-01
Anastassia,Beddon,abeddon5w@digg.com,RU,2016-08-17
Ginevra,Whimper,gwhimper5x@pen.io,CN,2018-05-06
Hagen,Capel,hcapel5y@vimeo.com,CN,2018-10-01
Emlen,Devorill,edevorill5z@free.fr,FR,2017-11-16
Tyson,Beesley,tbeesley60@msu.edu,HU,2017-03-22
Husein,Heliot,hheliot61@kickstarter.com,CN,2019-03-01
Gayle,Sparry,gsparry62@hp.com,VN,2017-10-22
Helenka,Gillimgham,hgillimgham63@cafepress.com,UA,2017-05-09
Phylys,Eliet,peliet64@desdev.cn,CZ,2016-02-27
Genia,Reichert,greichert65@nhs.uk,CN,2018-06-21
Glad,Linzee,glinzee66@blogspot.com,CN,2018-12-07
Hadrian,Baal,hbaal67@liveinternet.ru,NA,2015-11-11
Meris,Spivey,mspivey68@ask.com,RU,2016-10-03
Emmaline,Sherbrook,esherbrook69@goo.ne.jp,TN,2017-11-18
Karleen,Caillou,kcaillou6a@telegraph.co.uk,CN,2015-10-10
Ryan,Dannell,rdannell6b@altervista.org,CN,2015-10-01
Faunie,Camus,fcamus6c@alibaba.com,ID,2019-02-13
Maggie,Cattle,mcattle6d@bloomberg.com,TH,2018-05-04
Garry,Brinded,gbrinded6e@accuweather.com,JP,2019-05-10
Dewain,Ambrogio,dambrogio6f@google.ru,HU,2016-09-10
Jessamyn,Stoneham,jstoneham6g@yelp.com,PT,2018-10-26
Jobie,Schenkel,jschenkel6h@tmall.com,FI,2018-04-10
Ranice,Dwyr,rdwyr6i@statcounter.com,CR,2016-11-08
Ingar,Autie,iautie6j@cdc.gov,CN,2016-02-27
Daveen,Mark,dmark6k@xing.com,ID,2018-02-22
Brandon,Buchett,bbuchett6l@drupal.org,PL,2017-03-19
Michelina,Lennarde,mlennarde6m@ucla.edu,PE,2015-10-19
Loy,Steanson,lsteanson6n@wisc.edu,SE,2017-10-15
Lindy,Dumbrell,ldumbrell6o@ebay.co.uk,JP,2019-06-05
Gaelan,Lemarie,glemarie6p@mediafire.com,CN,2017-01-08
Minette,Coenraets,mcoenraets6q@last.fm,RU,2018-08-22
Morgan,Bockman,mbockman6r@wufoo.com,IL,2016-11-01
Yvon,Devlin,ydevlin6s@jigsy.com,PL,2016-09-15
Sancho,Skentelbery,sskentelbery6t@desdev.cn,BO,2019-02-07
Mischa,Fenlon,mfenlon6u@samsung.com,JP,2017-07-13
Arleyne,Reynalds,areynalds6v@amazon.de,RU,2017-07-29
Harris,Bulbeck,hbulbeck6w@mayoclinic.com,MT,2016-09-19
Gwynne,Winney,gwinney6x@gov.uk,RU,2017-01-02
Brooke,Dron,bdron6y@addtoany.com,BR,2018-06-11
Clerissa,Pettiford,cpettiford6z@privacy.gov.au,BD,2018-06-19
Guendolen,Birch,gbirch70@auda.org.au,CN,2018-03-21
Roxana,Harfoot,rharfoot71@baidu.com,SV,2018-05-07
Fionnula,Boldison,fboldison72@harvard.edu,UA,2019-02-24
Carney,Massen,cmassen73@elegantthemes.com,CN,2017-07-16
Rockwell,Towner,rtowner74@wordpress.org,TH,2017-09-01
Sadie,Danko,sdanko75@cnet.com,NG,2016-10-18
Xerxes,Freeburn,xfreeburn76@discuz.net,RU,2018-08-14
Raimundo,Copins,rcopins77@berkeley.edu,AM,2019-03-04
Dag,Penticost,dpenticost78@globo.com,BR,2016-02-09
Devonna,Stonnell,dstonnell79@surveymonkey.com,CN,2018-03-01
Milzie,Rennolds,mrennolds7a@yale.edu,TN,2015-09-14
Peria,Bidnall,pbidnall7b@list-manage.com,RU,2017-06-21
Joye,Gregoratti,jgregoratti7c@canalblog.com,CN,2018-10-25
Sibyl,Lidgate,slidgate7d@histats.com,ID,2019-05-21
Garey,Robbeke,grobbeke7e@parallels.com,NZ,2017-08-02
Barnebas,Belding,bbelding7f@techcrunch.com,RU,2016-02-02
Avram,Gourdon,agourdon7g@psu.edu,FR,2017-12-15
Shaina,Wyllcocks,swyllcocks7h@dagondesign.com,HN,2016-03-22
Filip,Lamshead,flamshead7i@behance.net,MX,2016-12-10
Rolf,Lackham,rlackham7j@fda.gov,FR,2017-02-15
Brendan,Ovendale,bovendale7k@technorati.com,SV,2017-06-04
Friedrich,Farndell,ffarndell7l@pinterest.com,MK,2017-05-12
Brion,Rzehorz,brzehorz7m@sbwire.com,FI,2019-07-31
Noellyn,Paddon,npaddon7n@mlb.com,CN,2017-10-29
Tabatha,Bilson,tbilson7o@devhub.com,ID,2017-01-30
Bennett,Stein,bstein7p@yahoo.co.jp,CN,2018-10-17
Tobin,Tilt,ttilt7q@samsung.com,HN,2016-01-08
Kristel,Lombardo,klombardo7r@google.fr,VN,2015-09-11
Doll,Jedrzejewsky,djedrzejewsky7s@ibm.com,MN,2015-12-12
Clemmy,Keneforde,ckeneforde7t@geocities.jp,PL,2016-12-22
Siobhan,Campo,scampo7u@furl.net,JP,2018-11-29
Tabbatha,Qusklay,tqusklay7v@mlb.com,KR,2016-01-26
Sholom,Honack,shonack7w@shutterfly.com,BR,2019-06-04
Elbertine,Ewert,eewert7x@netvibes.com,TZ,2016-08-05
Bidget,Pohls,bpohls7y@delicious.com,SL,2017-07-25
Zora,Defraine,zdefraine7z@github.io,FR,2017-02-08
Rock,Banishevitz,rbanishevitz80@discovery.com,GR,2019-06-20
Pernell,Cartwight,pcartwight81@bing.com,CN,2018-09-04
Ag,Eede,aeede82@twitter.com,CN,2016-04-08
Daloris,Kleinber,dkleinber83@sitemeter.com,CN,2019-02-13
Babs,Lantaph,blantaph84@meetup.com,FR,2018-07-14
Evangeline,Skehan,eskehan85@wikia.com,CN,2017-09-27
Gladys,Umney,gumney86@technorati.com,BG,2016-11-28
Ellswerth,Ringrose,eringrose87@cdc.gov,CN,2017-12-26
Alfy,Mountjoy,amountjoy88@typepad.com,CA,2016-10-06
Deborah,Gerardin,dgerardin89@github.com,RU,2018-10-31
Victoria,Coaten,vcoaten8a@miibeian.gov.cn,PT,2015-10-23
Erastus,Lauret,elauret8b@blinklist.com,RU,2019-05-29
Aloise,Ibert,aibert8c@yahoo.com,PL,2016-12-19
Crystal,Mundwell,cmundwell8d@bbc.co.uk,AM,2018-09-16
Chelsy,Luker,cluker8e@symantec.com,ID,2016-12-05
Gilburt,Betz,gbetz8f@cnn.com,EC,2018-05-08
Lanae,Jentle,ljentle8g@vimeo.com,RU,2017-08-29
Taylor,Izak,tizak8h@imageshack.us,SE,2015-09-23
Cletus,Broske,cbroske8i@uiuc.edu,SD,2017-05-30
Isabel,Domniney,idomniney8j@smugmug.com,PH,2018-01-26
Mead,Proby,mproby8k@addthis.com,CN,2017-12-29
Benn,Allinson,ballinson8l@kickstarter.com,PT,2019-03-03
Nathanil,Matkovic,nmatkovic8m@wired.com,PH,2018-06-02
Nomi,De Freitas,ndefreitas8n@mapquest.com,ID,2017-07-12
Kalinda,Housegoe,khousegoe8o@edublogs.org,GH,2016-07-03
Nelia,Macveigh,nmacveigh8p@feedburner.com,PH,2018-09-18
Marwin,Titcomb,mtitcomb8q@1688.com,RU,2016-03-23
Gabe,Camblin,gcamblin8r@noaa.gov,CN,2016-05-14
Trumaine,Hutchason,thutchason8s@reverbnation.com,US,2017-12-20
Nikolia,Mence,nmence8t@so-net.ne.jp,PE,2019-01-29
Nicole,Foskett,nfoskett8u@shop-pro.jp,CN,2018-05-04
Aimil,McLaughlan,amclaughlan8v@homestead.com,AL,2018-01-20
Clyve,Crooke,ccrooke8w@google.es,ID,2017-08-03
Leigh,Giriardelli,lgiriardelli8x@google.cn,GR,2016-01-09
Pooh,Baume,pbaume8y@blogtalkradio.com,CA,2018-10-20
Ira,Handslip,ihandslip8z@usda.gov,ME,2016-04-30
Elka,Martindale,emartindale90@woothemes.com,ID,2018-08-30
Susy,Simic,ssimic91@parallels.com,SE,2016-03-25
Zita,Gowland,zgowland92@odnoklassniki.ru,PE,2019-01-30
Mag,Trusslove,mtrusslove93@virginia.edu,CU,2016-05-21
Emlynne,Derricoat,ederricoat94@behance.net,AM,2016-01-26
Albrecht,Glayzer,aglayzer95@redcross.org,CN,2016-12-22
Nicholle,Mallya,nmallya96@smugmug.com,TH,2018-05-12
Brett,Bater,bbater97@noaa.gov,CO,2016-06-09
Erl,Banbridge,ebanbridge98@google.co.uk,TJ,2018-09-01
Kaylyn,Andrini,kandrini99@geocities.jp,CN,2016-01-29
Aridatha,Barabich,abarabich9a@qq.com,CN,2016-01-24
Georgine,Farfull,gfarfull9b@about.com,PK,2018-04-05
Balduin,McClounan,bmcclounan9c@reddit.com,SE,2018-02-27
Trix,Schowenburg,tschowenburg9d@house.gov,PE,2018-01-27
Langsdon,Iglesias,liglesias9e@mit.edu,ID,2016-08-13
Seka,Brasseur,sbrasseur9f@cbc.ca,ID,2017-02-22
Roda,Emilien,remilien9g@fc2.com,PE,2017-04-21
Zorah,Popley,zpopley9h@columbia.edu,IE,2016-07-25
Preston,Beedell,pbeedell9i@woothemes.com,CN,2016-09-03
Giustino,Pitrelli,gpitrelli9j@scientificamerican.com,MU,2017-10-10
Emmet,Corcoran,ecorcoran9k@wordpress.com,ID,2017-03-01
Carce,Sterland,csterland9l@howstuffworks.com,CN,2019-04-05
Sergei,Coe,scoe9m@homestead.com,RU,2015-10-07
Parry,Schrei,pschrei9n@com.com,SE,2015-11-23
Kevin,Worpole,kworpole9o@tuttocitta.it,LB,2018-01-10
Walliw,Bassill,wbassill9p@deviantart.com,ID,2017-01-02
Miles,Usmar,musmar9q@wired.com,VN,2018-06-02
Myranda,Filtness,mfiltness9r@statcounter.com,CZ,2017-04-12
Uri,Wilcot,uwilcot9s@vimeo.com,RU,2015-09-28
Hildagarde,Oldfield-Cherry,holdfieldcherry9t@umn.edu,PT,2018-10-31
Kassandra,Dendle,kdendle9u@bloglovin.com,GR,2016-03-26
Jackson,Teeney,jteeney9v@howstuffworks.com,PT,2015-10-07
Elliot,Berthelmot,eberthelmot9w@japanpost.jp,ID,2019-07-09
Veda,Beach,vbeach9x@businesswire.com,HR,2018-11-10
Weider,Stacy,wstacy9y@webmd.com,NG,2019-07-25
Nicolea,Moreno,nmoreno9z@xrea.com,RU,2018-11-01
Gregory,Joannidi,gjoannidia0@usnews.com,CN,2016-01-12
Gare,Ryde,grydea1@typepad.com,JP,2018-01-19
Gilberta,Harriman,gharrimana2@sakura.ne.jp,ES,2015-11-28
Koenraad,Benditt,kbenditta3@gmpg.org,FR,2017-05-04
Hurleigh,Mendez,hmendeza4@yellowpages.com,CN,2019-03-03
Randee,Bowes,rbowesa5@chronoengine.com,UA,2017-02-13
Marnie,Tosspell,mtosspella6@independent.co.uk,ID,2018-10-05
Darryl,Christensen,dchristensena7@plala.or.jp,PL,2019-04-23
Patricia,Farquar,pfarquara8@mlb.com,NL,2018-04-28
Roobbie,Wincott,rwincotta9@skype.com,PL,2018-12-03
Brianna,Targett,btargettaa@spotify.com,ID,2018-02-08
Pippo,Samarth,psamarthab@nifty.com,EE,2019-05-20
Lilias,Lambshine,llambshineac@wired.com,CN,2016-04-26
Rip,Rainy,rrainyad@ibm.com,CN,2017-05-30
Elvis,Ivory,eivoryae@ucla.edu,CN,2018-09-28
Odele,Symon,osymonaf@blogger.com,CN,2016-01-12
Ame,Antonognoli,aantonognoliag@harvard.edu,FR,2016-05-01
Giovanna,Tidmarsh,gtidmarshah@home.pl,CN,2018-01-02
Gary,Adamovitch,gadamovitchai@nymag.com,CZ,2019-07-07
Ruggiero,Reynault,rreynaultaj@weibo.com,AM,2015-09-13
Ash,Wogdon,awogdonak@merriam-webster.com,PH,2016-10-09
Slade,Fotheringham,sfotheringhamal@ifeng.com,ID,2016-07-05
Cindelyn,Worling,cworlingam@cpanel.net,BG,2016-10-19
Darnell,Disbrey,ddisbreyan@ask.com,RU,2015-09-28
Rayner,Fogel,rfogelao@purevolume.com,RU,2015-11-26
Yetta,Bowstead,ybowsteadap@usa.gov,VN,2019-01-26
Finley,Ponnsett,fponnsettaq@newsvine.com,CN,2018-08-16
Gaye,Allington,gallingtonar@123-reg.co.uk,PK,2016-07-10
Karly,Ibbett,kibbettas@netvibes.com,BR,2018-10-14
Odele,Winning,owinningat@scientificamerican.com,RU,2016-04-28
Kellen,Tranckle,ktranckleau@ibm.com,ZA,2015-11-16
Marnie,Montfort,mmontfortav@live.com,ID,2017-05-04
Cleon,Hacket,chacketaw@ucla.edu,ID,2018-03-29
Jodie,Letty,jlettyax@psu.edu,PL,2017-06-17
Ailina,Routham,arouthamay@ox.ac.uk,CN,2016-11-16
Arnie,Mattosoff,amattosoffaz@ft.com,CN,2018-05-19
Doti,McGonigle,dmcgonigleb0@oaic.gov.au,CN,2017-10-13
Melamie,Pendreigh,mpendreighb1@flickr.com,CN,2019-02-19
Maxy,Castillo,mcastillob2@wikimedia.org,MH,2015-10-21
Vitoria,Stenson,vstensonb3@creativecommons.org,CN,2018-10-15
Prue,Lenthall,plenthallb4@pinterest.com,BD,2017-06-28
Trisha,MacDonell,tmacdonellb5@addtoany.com,CN,2016-01-25
Marjie,Gawke,mgawkeb6@china.com.cn,PT,2016-08-16
Rubia,Elger,relgerb7@opensource.org,ID,2016-08-19
Drusie,Girodin,dgirodinb8@dailymail.co.uk,CN,2015-08-29
De witt,Buckam,dbuckamb9@booking.com,BI,2017-01-11
Stephanie,Groundwator,sgroundwatorba@telegraph.co.uk,CY,2016-12-20
Stephannie,Yurasov,syurasovbb@people.com.cn,CN,2017-09-17
Leisha,Skurray,lskurraybc@ca.gov,ID,2016-02-06
Milka,Douse,mdousebd@examiner.com,GB,2017-11-04
Waneta,Langley,wlangleybe@msu.edu,ST,2019-01-27
Deborah,Kubala,dkubalabf@tuttocitta.it,JP,2018-10-04
Lorant,Chappell,lchappellbg@state.gov,PT,2018-07-01
Jeffie,Rains,jrainsbh@dot.gov,BA,2015-10-20
Tiffanie,Voce,tvocebi@berkeley.edu,CN,2017-12-24
Gustav,Riddle,griddlebj@stanford.edu,CN,2017-10-31
Giulio,Swadlen,gswadlenbk@webnode.com,FR,2017-11-26
Robenia,Salterne,rsalternebl@wiley.com,CD,2016-07-21
Ashlen,Luddy,aluddybm@eepurl.com,NZ,2016-08-23
Jannelle,Fielden,jfieldenbn@cdbaby.com,FR,2015-11-01
Giuditta,Haet,ghaetbo@omniture.com,CN,2015-09-10
Porty,Shortan,pshortanbp@walmart.com,MU,2015-09-15
Dedie,Macias,dmaciasbq@bbb.org,FR,2019-05-24
Odelle,Renihan,orenihanbr@usda.gov,PT,2016-02-08
Ruby,Luto,rlutobs@booking.com,UG,2019-07-23
Artemis,Cazalet,acazaletbt@amazon.co.uk,ID,2018-12-11
Pryce,Jobes,pjobesbu@alexa.com,ID,2019-04-20
Patricia,Fyrth,pfyrthbv@sbwire.com,MM,2016-11-15
Miguel,Fould,mfouldbw@hugedomains.com,ID,2017-11-07
Barb,Dales,bdalesbx@uol.com.br,CN,2017-02-15
Rodolphe,Hancox,rhancoxby@biglobe.ne.jp,ET,2017-11-19
Abbey,Lewty,alewtybz@squarespace.com,SE,2015-08-13
Harlen,Bramble,hbramblec0@mashable.com,RU,2017-09-24
Reider,Sugarman,rsugarmanc1@elpais.com,NO,2016-01-28
Reeta,Grubey,rgrubeyc2@columbia.edu,RU,2015-08-14
Meredithe,Lawrie,mlawriec3@hao123.com,PG,2015-12-05
Ferris,Addionisio,faddionisioc4@lulu.com,FR,2018-05-31
Kittie,Leslie,klesliec5@army.mil,KP,2017-02-18
Tull,Vannoni,tvannonic6@google.cn,BA,2019-01-14
Florette,Hadkins,fhadkinsc7@fotki.com,TH,2019-07-22
Elbertina,Rudgard,erudgardc8@diigo.com,MG,2016-12-22
Layney,Drains,ldrainsc9@nba.com,PH,2017-11-08
Addi,Cranstoun,acranstounca@bloglines.com,AF,2016-01-01
Deeanne,Mincher,dminchercb@skyrock.com,CN,2015-12-17
Eloisa,Beernt,ebeerntcc@about.me,CZ,2019-01-18
Dannye,Apfelmann,dapfelmanncd@tinyurl.com,US,2015-09-07
Mandie,Busk,mbuskce@bravesites.com,SN,2017-11-22
Jorgan,Vittet,jvittetcf@clickbank.net,CN,2018-04-21
Monica,Fonso,mfonsocg@simplemachines.org,PH,2019-03-21
Tobit,Weatherley,tweatherleych@live.com,PH,2016-08-27
Clo,Dmitrienko,cdmitrienkoci@noaa.gov,PH,2015-10-29
Tessie,Sugars,tsugarscj@samsung.com,CN,2016-02-08
Kienan,Heistermann,kheistermannck@constantcontact.com,PT,2019-06-27
Robbyn,Sallnow,rsallnowcl@sitemeter.com,VE,2015-11-24
Mora,Springle,mspringlecm@google.cn,ID,2016-03-03
Boris,Bellay,bbellaycn@alibaba.com,RU,2017-01-25
Mead,Bletcher,mbletcherco@thetimes.co.uk,RU,2018-04-22
Ivie,Dell Casa,idellcasacp@phoca.cz,CN,2017-05-05
Chrisy,Courcey,ccourceycq@bbc.co.uk,NL,2016-08-08
Willabella,Duffill,wduffillcr@about.me,PH,2018-11-25
Stanleigh,Lecky,sleckycs@artisteer.com,AM,2019-03-25
Lory,Cohrs,lcohrsct@aboutads.info,CN,2019-03-01
Stavro,McGonigal,smcgonigalcu@foxnews.com,CN,2018-03-28
Codi,Ashton,cashtoncv@technorati.com,PL,2015-08-27
Janith,Kretschmer,jkretschmercw@ebay.co.uk,ET,2016-09-04
Taddeusz,Leppington,tleppingtoncx@theglobeandmail.com,NO,2019-01-21
Shandy,Tomsett,stomsettcy@artisteer.com,BY,2016-12-09
Glenden,Jarrelt,gjarreltcz@walmart.com,SE,2016-05-23
Juanita,Gateland,jgatelandd0@i2i.jp,BR,2018-06-08
Clarabelle,Duval,cduvald1@freewebs.com,PH,2017-05-25
Maurine,Ortsmann,mortsmannd2@wired.com,AR,2018-11-04
Sammie,Carlesso,scarlessod3@zimbio.com,DE,2017-05-28
Ignaz,Loughhead,iloughheadd4@topsy.com,GR,2018-07-25
Norah,Have,nhaved5@cnbc.com,CN,2017-09-28
Katlin,Coppin,kcoppind6@1und1.de,CM,2019-07-28
Jordan,Coey,jcoeyd7@microsoft.com,RU,2017-03-09
Odele,Poag,opoagd8@w3.org,PH,2016-02-05
Nannette,Robshaw,nrobshawd9@berkeley.edu,PH,2016-05-06
Paton,Nazareth,pnazarethda@earthlink.net,ID,2017-06-10
Gayla,Fetherston,gfetherstondb@amazonaws.com,AF,2019-06-11
Reggie,Ickovic,rickovicdc@epa.gov,ID,2018-01-07
Arielle,Strute,astrutedd@naver.com,FR,2017-06-15
Shirley,Findlay,sfindlayde@illinois.edu,RU,2018-02-10
Charlena,Ericssen,cericssendf@friendfeed.com,ID,2016-09-26
Tommi,Cage,tcagedg@multiply.com,SI,2018-04-06
Jarid,Bowden,jbowdendh@deviantart.com,PS,2015-12-13
Creight,Cressar,ccressardi@epa.gov,TZ,2016-03-22
Cordell,Shelford,cshelforddj@ebay.co.uk,ID,2018-11-19
Carena,Haglington,chaglingtondk@alibaba.com,NO,2016-05-02
Kalila,Linthead,klintheaddl@howstuffworks.com,SE,2018-03-06
Pernell,Jouning,pjouningdm@state.tx.us,CN,2019-07-14
Aloisia,Frain,afraindn@rediff.com,CL,2016-02-16
Julie,Stirzaker,jstirzakerdo@ycombinator.com,CN,2015-09-06
Hanan,Ley,hleydp@taobao.com,ME,2018-08-22
Davita,Taffe,dtaffedq@salon.com,EC,2016-08-12
Chelsy,Lanchbery,clanchberydr@smugmug.com,PH,2018-07-12
Patricio,Giacomozzo,pgiacomozzods@sina.com.cn,IR,2019-01-02
Gustavus,Coley,gcoleydt@spiegel.de,CN,2015-10-08
Sherry,Chismon,schismondu@123-reg.co.uk,PA,2015-08-19
Sydel,Gerold,sgerolddv@theglobeandmail.com,CN,2019-04-11
Rachael,Elsegood,relsegooddw@miibeian.gov.cn,CZ,2016-08-15
Caitrin,Zucker,czuckerdx@businesswire.com,CN,2016-01-06
Gregorio,Droogan,gdroogandy@walmart.com,AO,2016-03-19
Innis,Bycraft,ibycraftdz@github.com,RU,2019-02-28
Niven,Missington,nmissingtone0@auda.org.au,ID,2016-02-20
Carlye,Tyer,ctyere1@bravesites.com,ET,2016-06-10
Kayle,Cleyne,kcleynee2@earthlink.net,CY,2018-08-16
Coreen,Kellar,ckellare3@nifty.com,BR,2016-07-16
Pepi,Dews,pdewse4@tumblr.com,ID,2019-05-28
Yul,Collisson,ycollissone5@soundcloud.com,ID,2017-07-01
Beitris,Falvey,bfalveye6@unblog.fr,CZ,2017-05-08
Jaymee,Bythway,jbythwaye7@opera.com,ID,2016-07-13
Miof mela,O'Geaney,mogeaneye8@usgs.gov,KG,2015-11-09
Yetty,Meece,ymeecee9@lycos.com,CN,2018-05-17
Shepard,McFadden,smcfaddenea@youtube.com,PT,2016-11-23
Godart,Poetz,gpoetzeb@google.co.jp,CL,2016-04-13
Forester,Colten,fcoltenec@wunderground.com,NG,2018-08-22
Ogden,Mathis,omathised@posterous.com,RU,2017-09-18
Sydel,Gleeson,sgleesonee@thetimes.co.uk,TH,2017-04-27
Regan,Tamburi,rtamburief@desdev.cn,GR,2018-02-06
Modestia,Hoffman,mhoffmaneg@columbia.edu,YE,2018-11-02
Angy,Vines,avineseh@imageshack.us,GR,2017-10-24
Dov,Alenshev,dalenshevei@bing.com,CN,2017-07-06
Chantal,Dibsdale,cdibsdaleej@dailymotion.com,KZ,2017-02-08
Florence,Wozencroft,fwozencroftek@yahoo.co.jp,CN,2017-07-18
Leelah,Denslow,ldenslowel@discovery.com,ID,2018-12-28
Babbie,Murrigan,bmurriganem@cmu.edu,BY,2019-06-07
Annabela,Keddey,akeddeyen@google.com.au,MG,2017-02-09
Lynna,Cammell,lcammelleo@wikia.com,BD,2016-02-04
Agnese,Krzyzaniak,akrzyzaniakep@weibo.com,CN,2016-01-12
Fee,Pimerick,fpimerickeq@vkontakte.ru,MX,2019-05-29
Samson,Cason,scasoner@blogspot.com,PL,2017-02-22
Dimitry,Holttom,dholttomes@addtoany.com,ML,2019-06-08
Cherlyn,Domerque,cdomerqueet@macromedia.com,CN,2018-01-11
Rayner,Boylund,rboylundeu@hud.gov,PH,2016-10-12
Ada,Varndall,avarndallev@csmonitor.com,CN,2019-07-16
Wally,Rochewell,wrochewellew@shinystat.com,ID,2016-08-21
Carol-jean,Audritt,caudrittex@booking.com,PH,2016-10-02
Josephine,Szwandt,jszwandtey@wordpress.org,CN,2019-01-19
Theresita,Ashpole,tashpoleez@slashdot.org,KZ,2016-09-18
Devi,Grinov,dgrinovf0@wordpress.com,RU,2018-02-08
Maje,Beacock,mbeacockf1@google.com.hk,PT,2018-06-08
Vernen,Wornham,vwornhamf2@independent.co.uk,PT,2018-12-28
Cathrin,Whittier,cwhittierf3@gmpg.org,ID,2017-04-26
Natividad,Eckart,neckartf4@china.com.cn,DE,2019-06-29
Carolynn,Gonzalo,cgonzalof5@mtv.com,CN,2018-12-21
Vance,Coopey,vcoopeyf6@163.com,FR,2017-05-11
Avictor,Mahony,amahonyf7@arstechnica.com,BR,2016-06-19
Darrelle,Imorts,dimortsf8@nhs.uk,MN,2018-04-11
Joe,Ekless,jeklessf9@comsenz.com,BG,2018-06-18
Webster,Laroux,wlarouxfa@ucsd.edu,PY,2015-08-22
Vachel,Spaven,vspavenfb@phpbb.com,PL,2016-04-25
Byron,Bromage,bbromagefc@deliciousdays.com,DJ,2015-09-25
Grant,Quince,gquincefd@ft.com,ID,2017-04-22
Daune,Farrer,dfarrerfe@reddit.com,PL,2016-06-23
Angela,Oman,aomanff@homestead.com,AR,2015-12-08
Gwenni,Gallimore,ggallimorefg@constantcontact.com,PH,2018-01-19
Nanice,Gounot,ngounotfh@newsvine.com,CZ,2016-02-18
Annaliese,Symondson,asymondsonfi@europa.eu,AM,2019-08-04
Ashleigh,Leguay,aleguayfj@infoseek.co.jp,PH,2017-04-25
Todd,Tootal,ttootalfk@baidu.com,NL,2016-09-13
Connie,Peaker,cpeakerfl@ucoz.com,SE,2018-11-05
Kacy,Gromley,kgromleyfm@amazon.com,MX,2018-10-26
Brittani,Loos,bloosfn@desdev.cn,CO,2018-11-28
Uriah,Bauman,ubaumanfo@dion.ne.jp,CA,2019-03-23
Hillyer,MacLennan,hmaclennanfp@booking.com,US,2017-06-07
Zeb,Vallance,zvallancefq@dailymotion.com,RU,2019-08-06
Silvain,Flaune,sflaunefr@booking.com,RU,2016-06-28
Bing,Mussared,bmussaredfs@yale.edu,YE,2017-01-07
Dre,Hauck,dhauckft@phoca.cz,CN,2018-08-01
Lory,Hyland,lhylandfu@soundcloud.com,CO,2017-09-11
Celinda,Hymer,chymerfv@pagesperso-orange.fr,FR,2018-01-26
Lola,Edess,ledessfw@bluehost.com,FI,2017-07-24
Melisande,Krzyzanowski,mkrzyzanowskifx@nydailynews.com,PE,2018-04-19
Tracy,Wadhams,twadhamsfy@netvibes.com,PT,2017-02-11
Eachelle,Scrivens,escrivensfz@bbb.org,HN,2019-02-15
Angelle,Tufts,atuftsg0@paypal.com,SE,2019-02-15
Benson,Blaes,bblaesg1@hud.gov,PL,2015-10-09
Elianora,Dorgon,edorgong2@si.edu,PH,2019-06-22
Fenelia,Kubacek,fkubacekg3@mapy.cz,CN,2017-06-30
Guillermo,Popplewell,gpopplewellg4@google.de,CN,2015-11-04
Beatrix,Barwack,bbarwackg5@time.com,CN,2018-12-12
Sheridan,Deshon,sdeshong6@seattletimes.com,SE,2017-06-26
Francklin,Tapson,ftapsong7@uol.com.br,CN,2018-09-07
Rudy,Seaborn,rseaborng8@theglobeandmail.com,CI,2019-04-14
Ruthann,Doble,rdobleg9@uiuc.edu,ID,2017-12-29
Juditha,Lemmertz,jlemmertzga@sitemeter.com,ID,2017-03-20
Beau,Zellick,bzellickgb@guardian.co.uk,CN,2017-12-19
Petra,Grasner,pgrasnergc@naver.com,AF,2019-05-10
Tresa,Foystone,tfoystonegd@sina.com.cn,YE,2018-02-08
Lannie,Davydenko,ldavydenkoge@soup.io,LV,2019-02-23
Gan,Castanie,gcastaniegf@adobe.com,SE,2017-12-15
Yale,Eastam,yeastamgg@smugmug.com,KE,2015-10-22
Rinaldo,Arbuckel,rarbuckelgh@etsy.com,SE,2019-04-09
Issie,Sickamore,isickamoregi@cnet.com,LY,2017-01-23
Madelaine,Sutherley,msutherleygj@dmoz.org,JP,2017-04-18
Ivory,Lowdham,ilowdhamgk@cyberchimps.com,ID,2016-06-15
Ody,Tyhurst,otyhurstgl@g.co,ID,2019-04-17
Bondon,Mahmood,bmahmoodgm@people.com.cn,CN,2019-03-28
Lucky,Pearsall,lpearsallgn@yahoo.co.jp,CN,2016-10-12
Stephine,Chiechio,schiechiogo@dailymail.co.uk,CN,2018-09-18
Kenny,Canny,kcannygp@parallels.com,PH,2018-12-08
Jaquelin,Gennrich,jgennrichgq@youtu.be,AR,2018-03-08
Dyanna,Klain,dklaingr@artisteer.com,NA,2016-04-04
Tamma,Emeny,temenygs@bigcartel.com,PT,2018-11-16
Aidan,McShane,amcshanegt@washingtonpost.com,HR,2016-05-31
Lucita,Gerish,lgerishgu@sohu.com,RS,2019-05-08
Shanda,De Micoli,sdemicoligv@statcounter.com,NL,2017-12-02
Tally,Messier,tmessiergw@webs.com,BR,2019-04-10
Lammond,Burlingame,lburlingamegx@domainmarket.com,US,2016-11-03
Denys,Faustin,dfaustingy@ow.ly,PT,2016-05-03
Edeline,Roscamp,eroscampgz@privacy.gov.au,PH,2016-04-17
Flory,Hache,fhacheh0@over-blog.com,PH,2016-10-31
Bartie,Ratchford,bratchfordh1@sina.com.cn,ID,2016-08-21
Merwin,Villalta,mvillaltah2@friendfeed.com,CN,2019-01-05
Phil,Perrinchief,pperrinchiefh3@skyrock.com,CN,2015-12-05
Jeddy,Trevaskis,jtrevaskish4@statcounter.com,CN,2018-10-22
Betteann,McClinton,bmcclintonh5@google.it,ID,2016-12-24
Rooney,Messruther,rmessrutherh6@github.io,CN,2019-05-04
Jaymee,Leynham,jleynhamh7@linkedin.com,MN,2017-08-11
Sawyere,Boggish,sboggishh8@sciencedaily.com,LV,2018-07-24
Corry,Becarra,cbecarrah9@walmart.com,CN,2017-01-26
Car,Bonifant,cbonifantha@nsw.gov.au,US,2016-01-05
Chevy,Ghelerdini,cghelerdinihb@myspace.com,PT,2016-05-17
Quincey,Taysbil,qtaysbilhc@netvibes.com,BY,2016-02-16
Lauralee,Klimpt,lklimpthd@cmu.edu,TN,2019-01-17
Briny,Longfut,blongfuthe@flavors.me,MA,2018-09-16
Adolph,Tanfield,atanfieldhf@facebook.com,ID,2017-11-07
Pieter,Devenny,pdevennyhg@themeforest.net,FR,2017-05-17
Noell,Clemence,nclemencehh@slideshare.net,AL,2017-06-26
Pauletta,Glaze,pglazehi@gnu.org,PH,2016-02-14
Berri,Sparry,bsparryhj@nhs.uk,JP,2016-05-09
Linnet,Culbard,lculbardhk@patch.com,CA,2015-11-29
Ursola,Pfertner,upfertnerhl@howstuffworks.com,KG,2015-12-27
Rolph,Calafato,rcalafatohm@nbcnews.com,PE,2017-05-05
Zsazsa,Moran,zmoranhn@marriott.com,SI,2017-05-13
Chad,Martschke,cmartschkeho@cpanel.net,CN,2017-04-27
Bunnie,Scrace,bscracehp@dailymotion.com,JP,2016-08-10
Afton,Copsey,acopseyhq@live.com,CA,2016-10-08
Fabe,Donoher,fdonoherhr@admin.ch,US,2017-06-20
Dmitri,Najafian,dnajafianhs@google.ca,CN,2015-11-05
Avril,Cadamy,acadamyht@cisco.com,SE,2017-05-14
Barton,Jannex,bjannexhu@bbc.co.uk,PE,2018-08-16
Sheelah,Nockles,snockleshv@guardian.co.uk,CN,2017-12-16
Tatiania,Benjefield,tbenjefieldhw@php.net,AR,2018-01-26
Cecelia,Digman,cdigmanhx@storify.com,BR,2017-10-01
Dacie,Parkins,dparkinshy@yellowbook.com,CN,2016-02-08
Kerrie,Flasby,kflasbyhz@blogspot.com,FR,2019-02-06
Reinhold,Stainland,rstainlandi0@fc2.com,US,2017-05-14
Sergio,Pflieger,spfliegeri1@wsj.com,US,2019-04-01
Shirley,Grafom,sgrafomi2@alexa.com,FR,2017-04-20
Gannon,Crampin,gcrampini3@miitbeian.gov.cn,MY,2018-06-15
Dael,Mulvy,dmulvyi4@biglobe.ne.jp,FR,2017-04-04
Derrick,Steanyng,dsteanyngi5@census.gov,ID,2019-01-01
Norean,MacCaffrey,nmaccaffreyi6@ezinearticles.com,MX,2017-04-24
Ulric,Pentecost,upentecosti7@who.int,CN,2016-01-25
Lia,Epsly,lepslyi8@istockphoto.com,CN,2017-12-05
Alard,Kewzick,akewzicki9@blogger.com,FI,2017-01-15
Adrienne,Reddle,areddleia@qq.com,NG,2019-03-18
Briney,Esp,bespib@phoca.cz,CL,2018-01-04
Efrem,Johansson,ejohanssonic@nbcnews.com,RU,2016-01-18
Florian,Abreheart,fabreheartid@webs.com,TH,2018-10-06
Raymund,Gartery,rgarteryie@hao123.com,RU,2019-04-05
Klemens,McGrady,kmcgradyif@surveymonkey.com,CN,2017-11-01
Jervis,Dudman,jdudmanig@icio.us,ID,2017-02-10
Wallache,Alldre,walldreih@buzzfeed.com,SE,2019-05-01
Izabel,Jaggli,ijaggliii@studiopress.com,CN,2018-01-29
Deeann,Isles,dislesij@opensource.org,BR,2018-08-19
Elfie,Couroy,ecouroyik@networkadvertising.org,PT,2018-03-09
Umeko,Castagne,ucastagneil@desdev.cn,RU,2016-01-20
Tiffi,Kelshaw,tkelshawim@diigo.com,CD,2016-08-14
Lindon,Smart,lsmartin@1und1.de,GR,2017-08-09
Luther,Buscher,lbuscherio@bing.com,FR,2018-05-04
Armin,Sabie,asabieip@instagram.com,CN,2016-08-21
Basil,Sawell,bsawelliq@de.vu,PL,2016-05-31
Valeda,Ruggier,vruggierir@google.pl,FR,2016-01-14
Alberto,Pennycuick,apennycuickis@patch.com,CN,2015-12-24
Evvie,Fellibrand,efellibrandit@privacy.gov.au,PA,2016-02-07
Chrystal,Jermy,cjermyiu@who.int,KR,2018-06-03
Rich,Tofanini,rtofaniniiv@amazon.co.uk,CY,2015-11-16
Noe,Jako,njakoiw@discuz.net,ID,2017-07-15
Gerald,Rann,grannix@themeforest.net,SE,2019-06-22
Rita,Kirkman,rkirkmaniy@msn.com,PL,2016-05-10
Monika,Tsarovic,mtsaroviciz@nytimes.com,LT,2018-11-08
Kai,Minogue,kminoguej0@zdnet.com,CN,2017-05-21
Ewan,Klimowicz,eklimowiczj1@sciencedaily.com,CN,2019-04-14
Minetta,Jessett,mjessettj2@tinypic.com,CN,2016-06-26
Esme,Hollyar,ehollyarj3@cloudflare.com,PH,2016-06-20
Jules,Duddan,jduddanj4@mediafire.com,SE,2018-11-19
Nevins,Beere,nbeerej5@bluehost.com,TN,2018-03-06
Pen,Daspar,pdasparj6@indiatimes.com,PK,2016-12-17
Kylen,Grindell,kgrindellj7@google.com,RU,2017-01-02
Rick,Idenden,ridendenj8@house.gov,CN,2019-05-29
Margery,Wheldon,mwheldonj9@ifeng.com,CN,2015-12-30
Dredi,Sallan,dsallanja@boston.com,PL,2015-12-24
Jillane,Sporgeon,jsporgeonjb@forbes.com,BO,2016-03-24
Spense,Ladbrooke,sladbrookejc@harvard.edu,GR,2019-02-20
Rennie,Snalum,rsnalumjd@bluehost.com,CN,2018-05-09
Dagmar,Vany,dvanyje@phoca.cz,CN,2016-09-16
Kalie,Baddiley,kbaddileyjf@123-reg.co.uk,MY,2018-09-06
Toby,Roggero,troggerojg@163.com,PL,2018-02-06
Blaire,Gianolini,bgianolinijh@techcrunch.com,PH,2019-07-29
Jack,Albro,jalbroji@mapquest.com,BY,2017-10-09
Harald,Swenson,hswensonjj@purevolume.com,TZ,2015-12-22
Anton,Shinefield,ashinefieldjk@google.de,HU,2018-12-09
Eunice,Whitington,ewhitingtonjl@4shared.com,RU,2017-10-05
Petra,Brownill,pbrownilljm@patch.com,JP,2017-03-20
Merridie,Snalom,msnalomjn@t-online.de,KH,2018-07-06
Kingsly,Feare,kfearejo@state.gov,CZ,2018-12-12
Moyna,Brooker,mbrookerjp@discuz.net,US,2016-04-07
Addie,Hanfrey,ahanfreyjq@sun.com,CN,2015-12-23
Ethelind,Bernet,ebernetjr@ning.com,US,2016-12-30
Shelly,Stebbin,sstebbinjs@paypal.com,CM,2018-04-06
Vinni,Capner,vcapnerjt@ning.com,JP,2019-02-09
Katee,Hallede,khalledeju@ocn.ne.jp,LV,2019-07-08
Olia,Archdeacon,oarchdeaconjv@mlb.com,AZ,2017-12-22
Paxon,Iddison,piddisonjw@usgs.gov,CA,2019-03-06
Uriel,Harpur,uharpurjx@behance.net,YE,2018-06-06
Vivie,Sandys,vsandysjy@epa.gov,YE,2016-10-27
Kyle,Doblin,kdoblinjz@forbes.com,RU,2016-12-11
Cherida,BURWIN,cburwink0@foxnews.com,YE,2016-01-01
Amie,Iacavone,aiacavonek1@people.com.cn,FR,2016-07-25
Mercedes,Shilito,mshilitok2@surveymonkey.com,PH,2017-12-31
Valery,Cochet,vcochetk3@artisteer.com,BA,2017-09-09
Seymour,Kleinber,skleinberk4@sina.com.cn,PH,2016-05-05
Cassey,Ghidetti,cghidettik5@jalbum.net,ET,2016-02-15
Shurlocke,O' Cuolahan,socuolahank6@yellowbook.com,CN,2018-05-08
Yelena,Gibby,ygibbyk7@over-blog.com,IE,2016-07-26
Gussie,Forsaith,gforsaithk8@statcounter.com,MK,2015-11-07
Mead,Lewty,mlewtyk9@delicious.com,PH,2018-08-24
Roseann,Jeacocke,rjeacockeka@tripod.com,CN,2019-07-21
Wesley,Tarplee,wtarpleekb@cnn.com,TR,2017-06-12
Vania,Palphramand,vpalphramandkc@marriott.com,CN,2018-10-10
Kate,Van Arsdall,kvanarsdallkd@furl.net,CN,2016-07-21
Dyna,Winsom,dwinsomke@mozilla.com,CN,2016-12-27
Mariann,Baylie,mbayliekf@plala.or.jp,YE,2019-02-02
Mariejeanne,Milillo,mmilillokg@posterous.com,CN,2018-06-15
Andrej,Magson,amagsonkh@wordpress.com,RU,2017-03-23
Melania,Redwood,mredwoodki@yahoo.co.jp,LU,2018-02-22
Shermy,Komorowski,skomorowskikj@nsw.gov.au,ID,2016-06-07
Marco,Estoile,mestoilekk@exblog.jp,CL,2016-04-14
Dorella,Baignard,dbaignardkl@bbb.org,CN,2017-03-09
Magdalene,Flewett,mflewettkm@example.com,PT,2018-11-23
Gabbey,Melluish,gmelluishkn@go.com,CR,2019-04-05
Carlos,Sendley,csendleyko@uol.com.br,PH,2016-01-02
Marcella,Stores,mstoreskp@zimbio.com,HT,2018-06-03
Wynny,Wones,wwoneskq@newsvine.com,CN,2018-12-25
Marlin,Lepere,mleperekr@over-blog.com,CN,2016-10-10
Avram,Tomkys,atomkysks@dell.com,HU,2017-06-17
Tamara,Sawrey,tsawreykt@nbcnews.com,PH,2019-02-16
Marvin,Huckabe,mhuckabeku@1688.com,BR,2019-07-28
Flynn,Harman,fharmankv@mapquest.com,BR,2019-06-29
Claresta,McComiskie,cmccomiskiekw@w3.org,NG,2018-04-21
Shandeigh,Hannent,shannentkx@vistaprint.com,CN,2017-04-10
Austen,Feeney,afeeneyky@amazonaws.com,LV,2015-11-03
Consuelo,Farriar,cfarriarkz@economist.com,CN,2019-08-06
Marten,Conradie,mconradiel0@flavors.me,CN,2016-08-19
Phillipp,Ungaretti,pungarettil1@pinterest.com,ID,2019-05-31
Lulita,Rajchert,lrajchertl2@slate.com,CN,2018-04-20
Matilde,Weare,mwearel3@miitbeian.gov.cn,ID,2017-11-27
Corina,Alkin,calkinl4@tinyurl.com,HU,2015-10-12
Merrile,Roelvink,mroelvinkl5@youtu.be,SE,2018-03-09
Gwyneth,Caseri,gcaseril6@npr.org,ID,2016-06-02
Doyle,Houson,dhousonl7@telegraph.co.uk,CN,2019-02-11
Ailbert,Knowler,aknowlerl8@discovery.com,GE,2018-01-23
Harald,Olphert,holphertl9@uol.com.br,PT,2015-09-19
Sile,Bruty,sbrutyla@comsenz.com,ZM,2018-05-04
Reggi,Spiniello,rspiniellolb@google.co.jp,RU,2017-05-04
Lorin,Apfel,lapfellc@senate.gov,BR,2018-02-06
Daveen,Branni,dbrannild@qq.com,RU,2015-09-30
Risa,Gianninotti,rgianninottile@dion.ne.jp,CN,2019-05-22
Agosto,Crowley,acrowleylf@cargocollective.com,CN,2018-05-30
Berry,Oldcote,boldcotelg@usatoday.com,CN,2018-06-27
Jackqueline,Brute,jbrutelh@ucoz.com,PT,2019-03-09
Lennard,Lidbetter,llidbetterli@google.co.uk,BR,2019-06-21
Zak,Pinniger,zpinnigerlj@ucoz.com,BR,2016-02-26
Sybyl,Snelle,ssnellelk@yahoo.co.jp,CI,2016-10-16
Ervin,Blennerhassett,eblennerhassettll@oracle.com,SL,2016-05-06
Cindie,Pedwell,cpedwelllm@arizona.edu,BD,2018-05-22
Diarmid,Knell,dknellln@smh.com.au,PL,2016-05-19
Reagan,MacComiskey,rmaccomiskeylo@mediafire.com,JE,2016-01-21
Richart,Henniger,rhennigerlp@wp.com,BR,2017-07-21
Tania,Pinel,tpinellq@about.me,CN,2019-04-25
Nelly,Grogor,ngrogorlr@indiatimes.com,ID,2016-06-20
Alleyn,Watling,awatlingls@ycombinator.com,FR,2018-11-27
Nickola,Helkin,nhelkinlt@imgur.com,CN,2017-10-12
Sherline,Tweedell,stweedelllu@plala.or.jp,NO,2018-11-12
Morie,Philcott,mphilcottlv@hhs.gov,SI,2018-09-17
Caleb,Habbon,chabbonlw@gravatar.com,CN,2019-04-15
Winna,Bycraft,wbycraftlx@sohu.com,CO,2016-10-13
Corrinne,Morstatt,cmorstattly@unesco.org,SE,2017-05-16
Percival,Verdy,pverdylz@opensource.org,PF,2018-08-04
Forester,Laughren,flaughrenm0@angelfire.com,FO,2015-10-13
Allyson,Dytham,adythamm1@pen.io,US,2015-12-19
Josy,Lownes,jlownesm2@storify.com,RU,2019-05-16
Franklin,Scone,fsconem3@umn.edu,CN,2018-04-25
Ingram,Harmston,iharmstonm4@ox.ac.uk,CZ,2015-12-18
Ambrosi,Uzzell,auzzellm5@ezinearticles.com,JP,2017-12-29
Robbi,Date,rdatem6@reverbnation.com,CN,2018-12-20
Joni,Wescott,jwescottm7@aboutads.info,MX,2018-03-29
Cullen,Maton,cmatonm8@aboutads.info,BR,2015-11-27
Kakalina,McKeran,kmckeranm9@blogger.com,SI,2017-10-23
Bunny,Hagard,bhagardma@typepad.com,RS,2018-04-08
Charlton,Crammy,ccrammymb@blogger.com,CO,2019-03-10
Evangelin,Wattins,ewattinsmc@ed.gov,FR,2019-02-14
Aluino,Ebbett,aebbettmd@boston.com,MX,2017-09-01
Keriann,Guthrie,kguthrieme@nbcnews.com,CA,2017-10-04
Thalia,Rivitt,trivittmf@accuweather.com,ZA,2019-03-24
Katrinka,Belshaw,kbelshawmg@hud.gov,BA,2017-04-19
Parsifal,Faley,pfaleymh@wunderground.com,FI,2019-04-25
Carrie,Burridge,cburridgemi@earthlink.net,ID,2017-08-05
Fairleigh,Fairham,ffairhammj@archive.org,BR,2017-12-19
Desdemona,Grunbaum,dgrunbaummk@ebay.co.uk,RU,2015-12-17
Darrelle,Riatt,driattml@github.com,CN,2015-08-24
Ram,Hannaford,rhannafordmm@go.com,PL,2018-02-18
Patrice,Preston,pprestonmn@globo.com,ID,2019-03-09
Anderea,Philp,aphilpmo@people.com.cn,JM,2018-03-04
Bear,Crystal,bcrystalmp@skype.com,CN,2017-07-03
Agathe,Briffett,abriffettmq@xing.com,JP,2017-02-19
Shandie,Doman,sdomanmr@rediff.com,VN,2018-04-07
Alla,Arden,aardenms@ucoz.ru,MX,2017-05-15
Manya,Zuann,mzuannmt@google.cn,FR,2015-11-06
Wells,Carlyle,wcarlylemu@blogs.com,IN,2016-12-08
Dinnie,Tasseler,dtasselermv@webeden.co.uk,ID,2017-06-24
Monro,Colam,mcolammw@usatoday.com,PL,2016-08-07
Ellene,Tilly,etillymx@so-net.ne.jp,FR,2015-12-20
Lester,Btham,lbthammy@360.cn,PH,2018-04-13
Trevar,Blakeborough,tblakeboroughmz@marketwatch.com,ID,2016-12-05
Jonell,Ivannikov,jivannikovn0@google.de,EG,2016-10-23
Ulberto,Piaggia,upiaggian1@bigcartel.com,PH,2018-12-11
Dorree,Brimacombe,dbrimacomben2@slate.com,CN,2018-12-25
Bartlet,Worham,bworhamn3@google.co.uk,LU,2018-10-01
Alejandro,Ilyunin,ailyuninn4@bloglovin.com,UZ,2015-10-24
Ron,Spencelayh,rspencelayhn5@wordpress.org,PE,2017-07-06
Rozella,Grinikhin,rgrinikhinn6@desdev.cn,ID,2018-11-17
Eachelle,Fane,efanen7@purevolume.com,CN,2017-11-12
Bil,Batters,bbattersn8@ebay.co.uk,RU,2015-12-19
Gianni,Bendley,gbendleyn9@biglobe.ne.jp,ID,2016-12-10
Dianna,Falvey,dfalveyna@japanpost.jp,CN,2015-11-07
Irv,Pagel,ipagelnb@cmu.edu,CN,2017-04-02
Buiron,Farloe,bfarloenc@businessinsider.com,PT,2016-07-05
Daveta,Hulland,dhullandnd@sourceforge.net,RU,2015-10-05
Rhiamon,Ready,rreadyne@illinois.edu,CZ,2017-03-04
Andre,Peagrim,apeagrimnf@jigsy.com,NO,2016-10-30
Charmane,Huttley,chuttleyng@unicef.org,PH,2017-10-06
Quinlan,MacDougal,qmacdougalnh@cnn.com,PH,2016-06-15
Kerr,Wilsdon,kwilsdonni@imageshack.us,CN,2018-03-17
Van,Poulton,vpoultonnj@mapquest.com,FR,2019-06-22
Elbertina,Holleran,ehollerannk@ehow.com,PT,2017-08-02
Gratiana,Fleischmann,gfleischmannnl@i2i.jp,CN,2016-10-30
Carola,Halfpenny,chalfpennynm@squarespace.com,FR,2018-04-05
Teriann,Robbel,trobbelnn@simplemachines.org,CN,2018-07-11
Woodie,McAteer,wmcateerno@reference.com,CN,2018-03-09
Tomas,Roux,trouxnp@uiuc.edu,CO,2016-06-29
Bronnie,Franzotto,bfranzottonq@tripod.com,RU,2017-03-04
Ryann,Fowles,rfowlesnr@irs.gov,ID,2019-06-17
Octavius,Pancoust,opancoustns@dmoz.org,RU,2016-11-14
Eleanora,Enrrico,eenrricont@altervista.org,CN,2017-05-20
Loree,Coyte,lcoytenu@newsvine.com,ID,2019-04-22
Katalin,Natwick,knatwicknv@twitpic.com,FR,2017-01-19
Lynnelle,Godleman,lgodlemannw@aboutads.info,PT,2019-04-16
Sally,Lippini,slippininx@washington.edu,CN,2017-03-09
Roseann,Vasyutkin,rvasyutkinny@ed.gov,ID,2016-03-16
Valencia,Keddie,vkeddienz@posterous.com,JP,2016-03-15
Pippa,D'Ruel,pdruelo0@amazon.com,UA,2015-11-18
Faina,Chaucer,fchaucero1@geocities.com,HR,2017-12-28
Foss,O'Mannion,fomanniono2@ucsd.edu,TZ,2019-04-13
Dyann,Wesson,dwessono3@ftc.gov,CH,2016-10-16
Jae,Edinboro,jedinboroo4@guardian.co.uk,RU,2019-06-13
Leone,Sidebotton,lsidebottono5@yale.edu,ID,2015-12-23
Stephanie,Handrahan,shandrahano6@imageshack.us,AM,2017-06-27
Tatum,Feary,tfearyo7@amazon.de,CN,2019-04-25
Lothaire,Overthrow,loverthrowo8@eventbrite.com,CR,2017-01-03
Ricky,Ovitz,rovitzo9@walmart.com,CN,2016-05-06
Cass,Lofting,cloftingoa@canalblog.com,PH,2015-09-19
Darla,Grassick,dgrassickob@reuters.com,PH,2017-08-11
Mozelle,Bearham,mbearhamoc@ameblo.jp,HR,2017-06-08
Tad,Tschirschky,ttschirschkyod@huffingtonpost.com,ID,2016-06-30
Giulio,Gallaher,ggallaheroe@cbslocal.com,MY,2017-05-26
Butch,Grandham,bgrandhamof@unblog.fr,CN,2018-01-28
Bennie,Houdmont,bhoudmontog@youtu.be,AR,2016-08-15
Arlyn,Adamek,aadamekoh@sina.com.cn,RU,2018-04-07
Smith,Hasselby,shasselbyoi@sun.com,CN,2016-01-29
Ava,Foxcroft,afoxcroftoj@google.co.jp,CN,2016-05-06
Cassaundra,Penniall,cpenniallok@bbc.co.uk,RU,2016-12-19
Doti,Garlee,dgarleeol@businessweek.com,BR,2019-07-27
Abbye,Gercken,agerckenom@pbs.org,CN,2019-05-12
Meghann,Haydney,mhaydneyon@cargocollective.com,PH,2016-10-12
Amity,Medcalf,amedcalfoo@123-reg.co.uk,US,2018-05-23
Kathryne,MacKeogh,kmackeoghop@blogs.com,PH,2017-02-22
Inez,Myderscough,imyderscoughoq@wired.com,IR,2017-11-12
Berke,Stitwell,bstitwellor@intel.com,ID,2016-11-14
Yehudi,Tarpey,ytarpeyos@bloomberg.com,BR,2015-11-02
Alanson,Rapsey,arapseyot@mapquest.com,ID,2019-02-17
Joshuah,Godlip,jgodlipou@businessweek.com,MT,2016-03-16
Candida,Hebborn,chebbornov@xing.com,AR,2019-04-01
Gizela,Hearne,ghearneow@pbs.org,BR,2018-12-15
Tadd,Haddinton,thaddintonox@ibm.com,TH,2018-03-08
Verne,MacLise,vmacliseoy@friendfeed.com,CN,2017-07-30
Arnoldo,Vyel,avyeloz@msn.com,PS,2016-01-22
Marlane,O'Lunny,molunnyp0@gravatar.com,ZM,2018-03-06
Gunilla,Carstairs,gcarstairsp1@eventbrite.com,NO,2017-06-02
Bren,Lindermann,blindermannp2@hud.gov,ID,2017-01-11
Albertina,Massei,amasseip3@amazon.co.uk,CN,2018-09-30
Davey,Flecknell,dflecknellp4@google.co.jp,ID,2016-06-02
Ceciley,Gladhill,cgladhillp5@dropbox.com,ID,2016-06-26
Asia,Lydon,alydonp6@mail.ru,CN,2019-06-30
Clay,Cristoferi,ccristoferip7@wix.com,ID,2017-07-27
Zorine,Welldrake,zwelldrakep8@naver.com,BR,2015-10-02
Jerrilyn,Cothey,jcotheyp9@pcworld.com,PL,2016-03-01
Kerwinn,Shury,kshurypa@oakley.com,NZ,2016-07-30
Ricard,Embury,remburypb@ehow.com,ID,2017-08-25
Vally,Farrear,vfarrearpc@sfgate.com,ID,2018-11-07
Baxie,Gemlett,bgemlettpd@spotify.com,AL,2017-06-06
Gearard,Malenoir,gmalenoirpe@ihg.com,BO,2016-08-30
Clarice,Godlip,cgodlippf@dagondesign.com,PH,2016-07-31
Gaelan,Ramelot,gramelotpg@163.com,CN,2016-02-17
Jennica,Parzis,jparzisph@who.int,PT,2017-02-06
Marwin,Aubray,maubraypi@ucla.edu,LY,2019-01-06
Coralyn,Dysart,cdysartpj@businessinsider.com,AR,2018-02-08
Bette,Dykas,bdykaspk@edublogs.org,US,2016-06-08
Wilt,Facer,wfacerpl@chicagotribune.com,TH,2017-03-16
Darsie,Ennion,dennionpm@diigo.com,FR,2019-05-27
Darnell,Bennitt,dbennittpn@elegantthemes.com,RU,2016-08-08
Kathlin,Simmon,ksimmonpo@artisteer.com,RU,2019-03-01
Breanne,Bartlett,bbartlettpp@marriott.com,MX,2019-04-20
Gretta,Starkey,gstarkeypq@mashable.com,CN,2016-11-17
Thomasine,Happel,thappelpr@nytimes.com,HT,2018-04-14
Romona,Walicki,rwalickips@berkeley.edu,US,2016-11-30
Winfred,Debow,wdebowpt@51.la,PE,2019-04-25
Rickie,Wapplington,rwapplingtonpu@newyorker.com,LU,2018-01-22
Victor,Itzhaki,vitzhakipv@independent.co.uk,CO,2017-09-08
Delbert,Kleinerman,dkleinermanpw@indiegogo.com,TH,2019-07-20
Stace,Elsay,selsaypx@craigslist.org,PH,2017-10-18
Doralyn,Trice,dtricepy@usgs.gov,CN,2018-09-17
Nananne,Hadcock,nhadcockpz@is.gd,PH,2015-09-25
Dag,Risson,drissonq0@ow.ly,PT,2016-06-03
Lilllie,Douglas,ldouglasq1@state.gov,KW,2017-06-19
Teriann,Dewey,tdeweyq2@eventbrite.com,NG,2017-04-04
Almire,Haestier,ahaestierq3@bravesites.com,PE,2019-07-03
Steffi,Morris,smorrisq4@e-recht24.de,CN,2017-09-30
Lesley,Byrne,lbyrneq5@virginia.edu,KW,2016-09-28
Cicily,Stayte,cstayteq6@cnbc.com,KZ,2018-12-23
Frants,Peacey,fpeaceyq7@biblegateway.com,BR,2017-03-05
Barnaby,Dinnis,bdinnisq8@intel.com,CZ,2018-04-21
Sonnie,Leathem,sleathemq9@godaddy.com,AT,2019-03-28
Mariel,Eskriet,meskrietqa@angelfire.com,JP,2018-10-23
Vasily,Breckin,vbreckinqb@auda.org.au,TH,2017-08-25
Keslie,Meatyard,kmeatyardqc@accuweather.com,BR,2018-08-19
Jasper,Merricks,jmerricksqd@zdnet.com,RU,2017-11-20
Vittoria,Soulsby,vsoulsbyqe@zimbio.com,CA,2015-12-11
Marni,Riepl,mrieplqf@virginia.edu,PH,2018-10-13
Celia,Swenson,cswensonqg@usgs.gov,RU,2017-08-17
Yevette,Leyzell,yleyzellqh@blogger.com,ID,2019-03-20
Reuben,Donovin,rdonovinqi@statcounter.com,CZ,2019-01-03
Chastity,Garmanson,cgarmansonqj@merriam-webster.com,CN,2017-10-28
Biron,Artois,bartoisqk@dailymail.co.uk,ID,2019-05-21
Dorisa,Lambrick,dlambrickql@salon.com,CN,2018-07-04
Bonny,McGrudder,bmcgrudderqm@google.ru,PL,2016-12-01
Steve,Gounot,sgounotqn@furl.net,CN,2018-01-13
Gillan,Piatti,gpiattiqo@clickbank.net,JO,2018-03-13
Abbie,Clutton,acluttonqp@booking.com,CN,2016-04-11
Theresina,Kirby,tkirbyqq@drupal.org,BO,2019-07-07
Consolata,Wandrich,cwandrichqr@businessinsider.com,CN,2016-05-03
Ulysses,Pennings,upenningsqs@amazon.de,LU,2017-10-16
Roderic,Mulgrew,rmulgrewqt@cpanel.net,ID,2019-06-22
Ardisj,Dael,adaelqu@berkeley.edu,ID,2019-01-14
Shannon,Romeo,sromeoqv@technorati.com,PT,2018-02-12
Thia,Edge,tedgeqw@omniture.com,DE,2017-04-26
Cherin,Scudders,cscuddersqx@cnn.com,US,2016-10-26
Glory,Heinsen,gheinsenqy@abc.net.au,MU,2018-09-13
Lyn,Fryman,lfrymanqz@cnn.com,PE,2015-11-13
Pietrek,Buttler,pbuttlerr0@army.mil,PE,2017-04-10
Gilbert,Lanigan,glaniganr1@usnews.com,MY,2018-12-12
Geoff,Blakeway,gblakewayr2@1688.com,CN,2016-02-10
Ramon,MacKegg,rmackeggr3@epa.gov,CN,2016-06-09
Gino,Ludron,gludronr4@shutterfly.com,RU,2017-05-16
Maurice,Duffus,mduffusr5@icq.com,CN,2016-10-04
Zonnya,Marzelle,zmarzeller6@umich.edu,CN,2016-03-31
Domenico,Jiruch,djiruchr7@about.com,MY,2017-12-05
Kit,Betchley,kbetchleyr8@umich.edu,RU,2017-09-01
Penni,Baurerich,pbaurerichr9@discuz.net,CG,2017-06-19
Wallace,Beert,wbeertra@businessweek.com,PL,2016-02-27
Willem,MacRedmond,wmacredmondrb@ucoz.ru,ID,2019-07-12
Stanly,McCourt,smccourtrc@hugedomains.com,PL,2016-08-06
Obed,Baily,obailyrd@skype.com,GR,2016-07-17
Guthrey,Klimowski,gklimowskire@buzzfeed.com,EE,2017-05-09
Katrina,Kimbury,kkimburyrf@webnode.com,CN,2017-01-12
Mar,Orwin,morwinrg@marketwatch.com,RU,2018-04-19
Lyndsay,Ballsdon,lballsdonrh@amazon.de,CN,2018-08-19
Jeannette,Russe,jrusseri@illinois.edu,CN,2017-02-06
Allina,Shrimptone,ashrimptonerj@wired.com,AL,2016-12-04
Britte,Phair,bphairrk@dmoz.org,GT,2017-11-17
Allard,Nice,anicerl@google.co.jp,PH,2017-06-24
Eula,Simants,esimantsrm@weibo.com,PT,2018-10-30
Napoleon,ducarme,nducarmern@goo.ne.jp,CN,2016-08-10
Claybourne,Challes,cchallesro@cnet.com,FR,2018-01-31
Sandor,Theurer,stheurerrp@tiny.cc,CN,2017-10-19
Tandy,Yon,tyonrq@people.com.cn,CN,2016-01-23
Reid,McSkeagan,rmcskeaganrr@unc.edu,BA,2018-12-25
